SOP Type,SOP Number,Document Date,Corporate Customer Number,Customer Number,Customer Name,Country from Customer Master,Sales Territory,Item Number,Item Class Code,Item Description,COGS Account Number,PriceLevel,QTY,Unit Price,Markdown Amount,Extended Price,Void Status
Invoice,4847TI(3)D,4/1/2010,,396,Microelectronics Technology,Taiwan,ASIA,MWO-225-TFW,MWO-TERM,MWO for MIC/PCB; Term/Floating/Win,000-2300-00,INT,20,4095.00,3157.50,18750.00,Normal
Invoice,5516CTC-9,4/1/2010,,8813,Honeywell,United States,NORTH AMERICA,MWO-105-P0W,MWO-PURC,MWO Linear: Layout; Purchase/WAN WW/Win,300-4015-00,AWR,2,733.50,580.50,306.00,Normal
Invoice,5516CTC-9,4/1/2010,,8813,Honeywell,United States,NORTH AMERICA,MWO-125-P0W,MWO-PURC,"MWO Linear: EMSight, Layout; Purchase/WAN WW/Win",300-4015-00,AWR,2,1100.00,870.50,459.00,Normal
Invoice,5516CTC-9,4/1/2010,,8813,Honeywell,United States,NORTH AMERICA,MWO-225-P0W,MWO-PURC,MWO for MIC/PCB; Purchase/WAN WW/Win,300-4015-00,AWR,2,1466.50,1160.00,613.00,Normal
Invoice,5516CTC-9,4/1/2010,,8813,Honeywell,United States,NORTH AMERICA,UPG-PROD,MISC,Upgrade MWO-226 to MWO-225-P0W,300-4015-00,AWR,2,550.00,435.00,230.00,Normal
Invoice,5516CTC-9,4/1/2010,,8813,Honeywell,United States,NORTH AMERICA,VSS-250-P0W,VSS-PURC,VSS for Communication Signals; Purchase/WAN WW/Win,300-4020-00,AWR,1,1100.00,870.00,230.00,Normal
Invoice,5516CTC-9,4/1/2010,,8813,Honeywell,United States,NORTH AMERICA,ANO-229-P0W,ANO-PURC,ANO for RFIC; Purchase/WAN WW/Win,300-4015-00,AWR,1,4125.00,3263.00,862.00,Normal
Invoice,5516CTC-9,4/1/2010,,8813,Honeywell,United States,NORTH AMERICA,HSP-100-P0W,HSP-PURC,Synopsys HSPICE and Simulation Interface; Purchase/WAN WW/Win,300-4000-00,AWR,1,917.00,726.00,191.00,Normal
Invoice,5516CTC-9,4/1/2010,,8813,Honeywell,United States,NORTH AMERICA,FIL-100-P0W,FIL-PURC,Nuhertz Filter Synthesis; Purchase/WAN WW/Win,300-4000-00,AWR,1,458.00,362.00,96.00,Normal
Invoice,5516CTC-9,4/1/2010,,8813,Honeywell,United States,NORTH AMERICA,NXG-100-P0W,NXG-PURC,ACS NETEX-G Extraction Wizard; Purchase/WAN WW/Win,300-4400-00,AWR,1,336.00,266.00,70.00,Normal
Invoice,5516CTC-9,4/1/2010,,8813,Honeywell,United States,NORTH AMERICA,MWO-105-M0W,MWO-MAIN,MWO Linear: Layout; 12M Maint/WAN WW/Win,000-2301-00,AWR,2,1004.50,0.00,2009.00,Normal
Invoice,5516CTC-9,4/1/2010,,8813,Honeywell,United States,NORTH AMERICA,MWO-125-M0W,MWO-MAIN,"MWO Linear: EMSight, Layout; 12M Maint/WAN WW/Win",000-2301-00,AWR,2,1506.50,0.00,3013.00,Normal
Invoice,5516CTC-9,4/1/2010,,8813,Honeywell,United States,NORTH AMERICA,MWO-225-M0W,MWO-MAIN,MWO for MIC/PCB; 12M Maint/WAN WW/Win,000-2301-00,AWR,2,2009.00,0.00,4018.00,Normal
Invoice,5516CTC-9,4/1/2010,,8813,Honeywell,United States,NORTH AMERICA,MWO-226-M0W,MWO-MAIN,MWO for MIC/PCB & Signal Integrity; 12M Maint/WAN WW/Win,000-2301-00,AWR,2,753.50,0.00,1507.00,Normal
Invoice,5516CTC-9,4/1/2010,,8813,Honeywell,United States,NORTH AMERICA,VSS-250-M0W,VSS-MAIN,VSS for Communication Signals; 12M Maint/WAN WW/Win,000-2301-00,AWR,1,1507.00,0.00,1507.00,Normal
Invoice,5516CTC-9,4/1/2010,,8813,Honeywell,United States,NORTH AMERICA,ANO-229-M0W,ANO-MAIN,ANO for RFIC; 12M Maint/WAN WW/Win,000-2301-00,AWR,1,5650.00,0.00,5650.00,Normal
Invoice,5516CTC-9,4/1/2010,,8813,Honeywell,United States,NORTH AMERICA,HSP-100-M0W,HSP-MAIN,Synopsys HSPICE and Simulation Interface; 12M Maint/WAN WW/Win,000-2301-00,AWR,1,1256.00,0.00,1256.00,Normal
Invoice,5516CTC-9,4/1/2010,,8813,Honeywell,United States,NORTH AMERICA,FIL-100-M0W,FIL-MAIN,Nuhertz Filter Synthesis; 12M Maint/WAN WW/Win,000-2301-00,AWR,1,628.00,0.00,628.00,Normal
Invoice,5516CTC-9,4/1/2010,,8813,Honeywell,United States,NORTH AMERICA,NXG-100-M0W,NXG-MAIN,ACS NETEX-G Extraction Wizard; 12M Maint/WAN WW/Win,300-4410-00,AWR,1,460.00,0.00,460.00,Normal
Invoice,5516CTC-9,4/1/2010,,8813,Honeywell,United States,NORTH AMERICA,MWO-105-T0W,MWO-TERM,MWO Linear: Layout; Term/WAN WW/Win,000-2300-00,AWR,3,1960.00,0.00,5880.00,Normal
Invoice,5516CTC-9,4/1/2010,,8813,Honeywell,United States,NORTH AMERICA,MWO-125-T0W,MWO-TERM,"MWO Linear: EMSight, Layout; Term/WAN WW/Win",000-2300-00,AWR,1,2940.00,0.00,2940.00,Normal
Invoice,5516CTC-9,4/1/2010,,8813,Honeywell,United States,NORTH AMERICA,MWO-225-T0W,MWO-TERM,MWO for MIC/PCB; Term/WAN WW/Win,000-2300-00,AWR,1,4410.00,0.00,4410.00,Normal
Invoice,5516CTC-9,4/1/2010,,8813,Honeywell,United States,NORTH AMERICA,VSS-250-T0W,VSS-TERM,VSS for Communication Signals; Term/WAN WW/Win,000-2300-00,AWR,1,2940.00,0.00,2940.00,Normal
Invoice,5516CTC-9,4/1/2010,,8813,Honeywell,United States,NORTH AMERICA,ANO-229-T0W,ANO-TERM,ANO for RFIC; Term/WAN WW/Win,000-2300-00,AWR,1,11025.00,0.00,11025.00,Normal
Invoice,5516CTC-9,4/1/2010,,8813,Honeywell,United States,NORTH AMERICA,HSP-100-T0W,HSP-TERM,Synopsys HSPICE and Simulation Interface; Term/WAN WW/Win,000-2300-00,AWR,1,2940.00,0.00,2940.00,Normal
Invoice,5516CTC-9,4/1/2010,,8813,Honeywell,United States,NORTH AMERICA,MGC-100-T0W,MGC-TERM,AWR Connected&trade; for Mentor Graphics; Term/WAN WW/Win,000-2300-00,AWR,1,4900.00,0.00,4900.00,Normal
Invoice,5516CTC-9,4/1/2010,,8813,Honeywell,United States,NORTH AMERICA,XEM-100-T0W,XEM-TERM,AXIEM FS: 3D Planar EM - Direct & Fast Solver; Term/WAN WW/Win,000-2300-00,AWR,1,4900.00,0.00,4900.00,Normal
Invoice,5516CTC-9,4/1/2010,,8813,Honeywell,United States,NORTH AMERICA,UPG-PROD,MISC,UpgradeMWO-225-PFW to MWO-225-P0W,300-4015-00,AWR,1,1500.00,1187.00,313.00,Normal
Invoice,5516CTC-9,4/1/2010,,8813,Honeywell,United States,NORTH AMERICA,UPG-PROD,MISC,Upgrade VSS-350-PFW to VSS-350-P0W,300-4020-00,AWR,1,1333.00,1055.00,278.00,Normal
Invoice,5516CTC-9,4/1/2010,,8813,Honeywell,United States,NORTH AMERICA,UPG-PROD,MISC,Upgrade MWO-225-PLW to MWO-225-P0W,300-4000-00,AWR,2,2475.00,1958.00,1034.00,Normal
Invoice,5516CTC-9,4/1/2010,,8813,Honeywell,United States,NORTH AMERICA,UPG-PROD,MISC,UpgradeMWO-100-PLW to MWO-100-P0W,300-4015-00,AWR,1,550.00,435.00,115.00,Normal
Invoice,5516CTC-9,4/1/2010,,8813,Honeywell,United States,NORTH AMERICA,MWO-225-M0W,MWO-MAIN,MWO for MIC/PCB; 12M Maint/WAN WW/Win,000-2301-00,AWR,1,2260.00,0.00,2260.00,Normal
Invoice,5516CTC-9,4/1/2010,,8813,Honeywell,United States,NORTH AMERICA,VSS-350-M0W,VSS-MAIN,VSS for Wireless Communication Standards; 12M Maint/WAN WW/Win,000-2301-00,AWR,1,2009.00,0.00,2009.00,Normal
Invoice,5516CTC-9,4/1/2010,,8813,Honeywell,United States,NORTH AMERICA,MWO-225-M0W,MWO-MAIN,MWO for MIC/PCB; 12M Maint/WAN WW/Win,000-2301-00,AWR,2,2260.00,0.00,4520.00,Normal
Invoice,5516CTC-9,4/1/2010,,8813,Honeywell,United States,NORTH AMERICA,MWO-100-M0W,MWO-MAIN,MWO Linear; 12M Maint/WAN WW/Win,000-2301-00,AWR,1,500.00,0.00,500.00,Normal
Invoice,5943TD-4,4/1/2010,,9574,Aquantia Corp,United States,NORTH AMERICA,MWO-225-TLW,MWO-TERM,MWO for MIC/PCB; Term/Locked/Win,000-2300-00,AWR,1,4750.00,950.00,3800.00,Normal
Invoice,6259TD(2),4/1/2010,,9977,Triquint Semiconductor,United States,NORTH AMERICA,MWO-229-TFW,MWO-TERM,MWO for MMIC & Modules; Term/Floating/Win,000-2300-00,AWR,1,24000.00,8400.00,15600.00,Normal
Invoice,6259TD(2),4/1/2010,,9977,Triquint Semiconductor,United States,NORTH AMERICA,NOTE,MISC,2nd year of a 2 year term commitment period of coverage 1/1/10 to 12/31/10,300-4000-00,AWR,1,0.00,0.00,0.00,Normal
Invoice,6297TMI(2),4/1/2010,2343,10003,Teledyne Defence Limited,United Kingdom,EUROPE,MWO-105-MFW,MWO-MAIN,MWO Linear & Layout; 12M Maint/Floating/Win,000-2301-00,INT,2,2710.98,0.00,5421.96,Normal
Invoice,6297TMI(2),4/1/2010,2343,10003,Teledyne Defence Limited,United Kingdom,EUROPE,MWO-225-MFW,MWO-MAIN,MWO for MIC/PCB; 12M Maint/Floating/Win,000-2301-00,INT,2,5873.79,0.00,11747.58,Normal
Invoice,6297TMI(2),4/1/2010,2343,10003,Teledyne Defence Limited,United Kingdom,EUROPE,MWO-225-TFW,MWO-TERM,MWO for MIC/PCB; Term/Floating/Win,000-2300-00,INT,1,13705.51,4111.65,9593.86,Normal
Invoice,6297TMI(2),4/1/2010,2343,10003,Teledyne Defence Limited,United Kingdom,EUROPE,MWO-226-TFW,MWO-TERM,MWO for MIC/PCB & Signal Integrity; Term/Floating/Win,000-2300-00,INT,1,18223.81,5467.14,12756.67,Normal
Invoice,6297TMI(2),4/1/2010,2343,10003,Teledyne Defence Limited,United Kingdom,EUROPE,XEM-050-TFW,XEM-TERM,AXIEM DS: 3D Planar EM - Direct Solver; Term/Floating/Win,000-2300-00,INT,1,6777.45,2033.24,4744.22,Normal
Invoice,6308TI(2),4/1/2010,6763,8461,ST Microelectronics,France,EUROPE,APL-200-TLW,APL-TERM,APLAC Time-Domain & HB Advanced; Term/Locked/Win,000-2300-00,INT,5,9779.76,0.00,48898.80,Normal
Invoice,6509TD-4,4/1/2010,,10030073,Wavestream,United States,NORTH AMERICA,MWO-228-TFW,MWO-TERM,MWO for MMIC; Term/Floating/Win RID#16278,000-2300-00,AWR,5,4200.00,792.92,17035.40,Normal
Invoice,6509TD-4,4/1/2010,,10030073,Wavestream,United States,NORTH AMERICA,MWO-229-TLW,MWO-TERM,MWO for MMIC & Modules; Term/Locked/Win RID#16279,000-2300-00,AWR,2,3950.00,745.72,6408.56,Normal
Invoice,6509TD-4,4/1/2010,,10030073,Wavestream,United States,NORTH AMERICA,VSS-350-TLW,VSS-TERM,VSS for Wireless Communication Standards; Term/Locked/Win RID#16820,000-2300-00,AWR,1,2100.00,396.46,1703.54,Normal
Invoice,6636TD-3,4/1/2010,,306,Aeroflex (Main Office),United States,NORTH AMERICA,MWO-228-T3W,MWO-TERM,MWO for MMIC; Term/WAN 3 TZ/Win RID#16568,000-2300-00,AWR,2,5460.00,904.50,9111.00,Normal
Invoice,6636TD-3,4/1/2010,,306,Aeroflex (Main Office),United States,NORTH AMERICA,MWO-225-T3W,MWO-TERM,MWO for MIC/PCB; Term/WAN 3 TZ/Win RID#16569,000-2300-00,AWR,3,4095.00,678.37,10249.89,Normal
Invoice,6636TD-3,4/1/2010,,306,Aeroflex (Main Office),United States,NORTH AMERICA,MWO-105-T3W,MWO-TERM,MWO Linear & Layout; Term/WAN 3 TZ/Win RID#16570,000-2300-00,AWR,1,1820.00,301.50,1518.50,Normal
Invoice,6636TD-3,4/1/2010,,306,Aeroflex (Main Office),United States,NORTH AMERICA,MOD-100-T3W,,Modelithics CRL Model LibraryTerm/WAN 3 TZ/Win RID#16570,300-4420-00,AWR,1,1516.75,251.27,1265.48,Normal
Invoice,6636TD-3,4/1/2010,,306,Aeroflex (Main Office),United States,NORTH AMERICA,VSS-250-T3W,VSS-TERM,VSS for Communication Signals; Term/WAN 3 TZ/Win RID#16572,000-2300-00,AWR,2,2730.00,452.25,4555.50,Normal
Invoice,6636TD-3,4/1/2010,,306,Aeroflex (Main Office),United States,NORTH AMERICA,XEM-100-T3W,XEM-TERM,AXIEM FS:3D Planar EM-Direct & Fast Solver; Term/WAN 3 TZ/Win RID#16573,000-2300-00,AWR,1,4095.00,678.37,3416.63,Normal
Invoice,6636TD-3,4/1/2010,,306,Aeroflex (Main Office),United States,NORTH AMERICA,NOTE,MISC,3 Year Term Commitment to be billed in 12 payments over 3 years,300-4000-00,,1,0.00,0.00,0.00,Normal
Invoice,6642TI-3,4/1/2010,,8743,Ericsson AB,Sweden,EUROPE,NOTE,MISC,3rd invoice of 3 in a 1yr term renewal to be billed quarterly,300-4000-00,INT,1,0.00,0.00,0.00,Normal
Invoice,6642TI-3,4/1/2010,,8743,Ericsson AB,Sweden,EUROPE,MWO-225-TFW,MWO-TERM,MWO for MIC/PCB; Term/Floating RID#16578,000-2300-00,INT,6,4875.00,1643.10,19391.40,Normal
Invoice,6642TI-3,4/1/2010,,8743,Ericsson AB,Sweden,EUROPE,MWO-246-TFW,MWO-TERM,MWO for MIC/PCB & Signal Integrity; Term/Floating RID#16579,000-2300-00,INT,2,7575.00,2547.60,10054.80,Normal
Invoice,6642TI-3,4/1/2010,,8743,Ericsson AB,Sweden,EUROPE,VSS-150-TFW,VSS-TERM,VSS for RF Architecture; Term/Floating RID#16580,000-2300-00,INT,3,1625.00,855.50,2308.50,Normal
Invoice,6642TI-3,4/1/2010,,8743,Ericsson AB,Sweden,EUROPE,VSS-350-TFW,VSS-TERM,VSS for Wireless Communication Standards; Term/Floating RID#16581,000-2300-00,INT,4,4325.00,2273.00,8208.00,Normal
Invoice,6642TI-3,4/1/2010,,8743,Ericsson AB,Sweden,EUROPE,APL-200-TFW,APL-TERM,APLAC Time-Domain & Multi-Rate Harmonic Balance; Term/Floating RID#16582,000-2300-00,INT,2,4050.00,1356.75,5386.50,Normal
Invoice,6642TI-3,4/1/2010,,8743,Ericsson AB,Sweden,EUROPE,FIL-100-TFW,FIL-TERM,Nuhertz Filter Synthesis; Term/Floating RID#16583,000-2300-00,INT,1,1350.00,452.50,897.50,Normal
Invoice,6642TI-3,4/1/2010,,8743,Ericsson AB,Sweden,EUROPE,FIL-200-TFW,FIL-TERM,AWR iFilter - Lumped Synthesis Solution; Term/Floating RID#16584,000-2300-00,INT,1,725.00,246.20,478.80,Normal
Invoice,6642TI-3,4/1/2010,,8743,Ericsson AB,Sweden,EUROPE,TSW-100-TFW,TSW-TERM,TestWave Instrumentation Interface; Term/Floating RID#16585,000-2300-00,INT,1,900.00,301.50,598.50,Normal
Invoice,6839TD-2,4/1/2010,,9574,Aquantia Corp,United States,NORTH AMERICA,MWO-200-TFW,MWO-TERM,MWO NonLinear: HB; Term/Floating/Win RID#17173,000-2300-00,AWR,1,2100.00,630.00,1470.00,Normal
Invoice,6839TD-2,4/1/2010,,9574,Aquantia Corp,United States,NORTH AMERICA,UPG-TERM,,Upgrade of exiciting MWO-225-TLW to a Floating License RID#17172,000-2300-00,,1,814.29,244.29,570.00,Normal
Invoice,5579TD-3,4/7/2010,2343,9456,Defence Products Ltd.,United Kingdom,EUROPE,MWO-105-TLW,MWO-TERM,MWO Linear & Layout; Term/Locked/Win,000-2300-00,INT,1,4307.45,301.22,4006.23,Normal
Invoice,6358CI(2),4/7/2010,1447,4552,CHL Netherlands B.V.,NETHERLANDS,EUROPE,MWO-225-MLW,MWO-MAIN,MWO for MIC/PCB; 12M Maint/Locked/Win,000-2301-00,INT,1,5025.71,0.00,5025.71,Normal
Invoice,6463TD-4,4/12/2010,7396,7045,Mesaplexx Pty Ltd.,Australia,AUSTRALIA,MWO-125-TLW,MWO-TERM,"MWO Linear, EMSight, & Layout; Term/Locked/Win",000-2300-00,RES20,2,2160.00,216.00,3888.00,Normal
Invoice,6831TD-2,4/14/2010,,9612,"Advanced Energy Systems, Inc.",United States,NORTH AMERICA,ANA-200-TLW,ANA-TERM,ANALYST: 3D FEM EM - Front End UI & up to 4 Solvers; Term/Locked/Win RID#17174,000-2300-00,AWR,1,5250.00,787.50,4462.50,Normal
Invoice,7057CD-UP,4/14/2010,,8874,Selex Sistemi Integrati,United States,NORTH AMERICA,MWO-105-PLW,MWO-PURC,MWO Linear: Layout; Purchase/Locked RID#17707,300-4015-00,AWR,2,12000.00,9375.00,5250.00,Normal
Invoice,7057CD-UP,4/14/2010,,8874,Selex Sistemi Integrati,United States,NORTH AMERICA,MWO-105-MLW,MWO-MAIN,MWO Linear: Layout; 12M Maint/Locked RID#17707,000-2301-00,AWR,2,1800.00,0.00,3600.00,Normal
Invoice,7057CD-UP,4/14/2010,,8874,Selex Sistemi Integrati,United States,NORTH AMERICA,HWK-200,HWK-PURC,Hardware Key - USB,300-4000-00,AWR,2,200.00,0.00,400.00,Normal
Invoice,7058MI,4/14/2010,8930,4558-KK,Richardson Electronics K.K. Japan,Japan,ASIA,MWO-205-MLW,MWO-MAIN,"MWO NonLinear: HB, Layout; 12M Maint/Locked RID#4803",000-2301-00,JAP,1,6842.02,0.00,6842.02,Normal
Invoice,7059MD,4/14/2010,,1210,Maryland Procurement Office (D.O.D),United States,NORTH AMERICA,HSP-100-MFW,HSP-MAIN,Synopsys HSPICE and Simulation Interface; 12M Maint/Floating RID#12147,000-2301-00,AWR,1,3600.00,0.00,3600.00,Normal
Invoice,7059MD,4/14/2010,,1210,Maryland Procurement Office (D.O.D),United States,NORTH AMERICA,MWO-225-MFW,MWO-MAIN,MWO for MIC/PCB; 12M Maint/Floating/Win,000-2301-00,AWR,3,5400.00,0.00,16200.00,Normal
Invoice,7059MD,4/14/2010,,1210,Maryland Procurement Office (D.O.D),United States,NORTH AMERICA,VSS-350-MFW,VSS-MAIN,VSS for Wireless Communication Standards; 12M Maint/Floating RID#3622,000-2301-00,AWR,1,4800.00,0.00,4800.00,Normal
Invoice,7060TD,4/14/2010,SHI,9402,Hitachi America Ltd. Global,United States,NORTH AMERICA,MWO-225-TLW,MWO-TERM,MWO for MIC/PCB; Term/Locked/Win RID#17715,000-2300-00,AWR,1,12200.00,976.00,11224.00,Normal
Invoice,7060TD,4/14/2010,SHI,9402,Hitachi America Ltd. Global,United States,NORTH AMERICA,HSP-100-TLW,HSP-TERM,Synopsys HSPICE and Simulation Interface; Term/Locked/Win RID#17716,000-2300-00,AWR,1,8100.00,648.00,7452.00,Normal
Invoice,7062MD,4/14/2010,,5566,EMS Technologies Inc.,United States,NORTH AMERICA,VSS-250-MFW,VSS-MAIN,VSS for Communication Signals; 12M Maint/Floating RID#15600,000-2301-00,AWR,1,3600.00,0.00,3600.00,Normal
Invoice,7065UI,4/14/2010,7696,2271,Universidad Politecnica De Madrid,SPAIN,EUROPE,MWO-449-UFW,MWO-UNIV,Microwave Office University 20-License Package RID#17733,300-4000-00,RES20,1,2281.94,1303.97,977.98,Normal
Invoice,7065UI,4/14/2010,7696,2271,Universidad Politecnica De Madrid,SPAIN,EUROPE,VSS-350-UFW,VSS-UNIV,Visual System Simulator University 20-License Package RID#17734,300-4000-00,RES20,1,2281.94,2281.94,0.00,Normal
Invoice,7066MI,4/14/2010,,9969,Aselsan,Turkey,EUROPE,MWO-228-MFW,MWO-MAIN,MWO for MMIC; 12M Maint/Floating/Win,000-2301-00,EUR,4,8421.46,0.00,33685.84,Normal
Invoice,7068MI,4/14/2010,9296,207,ERA a.s.,CZECH REPUBLIC,EUROPE,MWO-225-MLW,MWO-MAIN,MWO for MIC/PCB; 12M Maint/Locked RID#15233,000-2301-00,RES20,2,3803.24,0.00,7606.48,Normal
Invoice,7069MD,4/14/2010,,7840,Northrop Grumman,United States,NORTH AMERICA,MWO-125-MLW,MWO-MAIN,"MWO Linear: EMSight, Layout; 12M Maint/Locked RID#6875",000-2301-00,AWR,1,2700.00,0.00,2700.00,Normal
Invoice,7069MD,4/14/2010,,7840,Northrop Grumman,United States,NORTH AMERICA,MWO-125-MLW,MWO-MAIN,"MWO Linear: EMSight, Layout; 12M Maint/Locked RID#6875",000-2301-00,AWR,1,2700.00,0.00,2700.00,Normal
Invoice,7071MI,4/14/2010,8930,6097-KK,TOTO Ltd.,Japan,ASIA,MWO-225-MLW,MWO-MAIN,MWO for MIC/PCB; 12M Maint/Locked RID#5679,000-2301-00,JAP,1,7724.86,0.00,7724.86,Normal
Invoice,7072MD,4/14/2010,,1142,"Linearizer Technology, Inc.",United States,NORTH AMERICA,MWO-225-MLW,MWO-MAIN,MWO for MIC/PCB; 12M Maint/Locked RID#1191,000-2301-00,AWR,1,4100.00,0.00,4100.00,Normal
Invoice,5577TD-3,4/15/2010,,6220,"TriAccess Technologies, Inc.",United States,NORTH AMERICA,MWO-229-TLW,MWO-TERM,MWO for MMIC & Modules; Term/Locked/Win,000-2300-00,AWR,1,9187.50,1775.00,7412.50,Normal
Invoice,7061CDM(1),4/16/2010,954,72,Boeing,United States,NORTH AMERICA,NOTE,MISC,1st yr in a 3 yr contract to be billed yearly,300-4000-00,AWR,1,0.00,0.00,0.00,Normal
Invoice,7061CDM(1),4/16/2010,954,72,Boeing,United States,NORTH AMERICA,VSS-350-MFW,VSS-MAIN,"VSS for Wireless Communication Standards; 12M Maint/FL RID#3638, ID#300",000-2301-00,AWR,1,4464.00,0.00,4464.00,Normal
Invoice,7061CDM(1),4/16/2010,954,72,Boeing,United States,NORTH AMERICA,VSS-350-MFW,VSS-MAIN,"VSS for Wireless Communication Standards; 12M Maint/FL RID#3639, ID#300",000-2301-00,AWR,1,4464.00,0.00,4464.00,Normal
Invoice,7061CDM(1),4/16/2010,954,72,Boeing,United States,NORTH AMERICA,VSS-350-MFW,VSS-MAIN,"VSS for Wireless Communication Standards; 12M Maint/FL RID#3980, ID#300",000-2301-00,AWR,5,4464.00,0.00,22320.00,Normal
Invoice,7061CDM(1),4/16/2010,954,72,Boeing,United States,NORTH AMERICA,VSS-350-MFW,VSS-MAIN,"VSS for Wireless Communication Standards; 12M Maint/FL RID#14857, ID#300",000-2301-00,AWR,2,4464.00,0.00,8928.00,Normal
Invoice,7061CDM(1),4/16/2010,954,72,Boeing,United States,NORTH AMERICA,MWO-228-MFW,MWO-MAIN,"MWO for MMIC; 12M Maint/FL RID#1063, ID#300",000-2301-00,AWR,15,6696.00,0.00,100440.00,Normal
Invoice,7061CDM(1),4/16/2010,954,72,Boeing,United States,NORTH AMERICA,MWO-228-MFW,MWO-MAIN,"MWO for MMIC; 12M Maint/FL RID#6844, ID#300",000-2301-00,AWR,2,6696.00,0.00,13392.00,Normal
Invoice,7061CDM(1),4/16/2010,954,72,Boeing,United States,NORTH AMERICA,MWO-228-MFW,MWO-MAIN,"MWO for MMIC; 12M Maint/FL RID#14856, ID#300",000-2301-00,AWR,2,6696.00,0.00,13392.00,Normal
Invoice,7061CDM(1),4/16/2010,954,72,Boeing,United States,NORTH AMERICA,MWO-105-MFW,MWO-MAIN,"MWO Linear: Layout; 12M Maint/FL RID#15529, ID#300",000-2301-00,AWR,9,2232.00,0.00,20088.00,Normal
Invoice,7061CDM(1),4/16/2010,954,72,Boeing,United States,NORTH AMERICA,HSP-100-MFW,HSP-MAIN,"Synopsys HSPICE and Simulation Interface; 12M Maint/FL RID#8697, ID#300",000-2301-00,AWR,3,3348.00,0.00,10044.00,Normal
Invoice,7061CDM(1),4/16/2010,954,72,Boeing,United States,NORTH AMERICA,HSP-100-MFW,HSP-MAIN,"Synopsys HSPICE and Simulation Interface; 12M Maint/FL RID#8698, ID#300",000-2301-00,AWR,2,3348.00,0.00,6696.00,Normal
Invoice,7061CDM(1),4/16/2010,954,72,Boeing,United States,NORTH AMERICA,ANO-229-MFW,ANO-MAIN,"ANO for RFIC; 12M Maint/FL RID#5601, ID#300",000-2301-00,AWR,2,14694.00,0.00,29388.00,Normal
Invoice,7061CDM(1),4/16/2010,954,72,Boeing,United States,NORTH AMERICA,WIZ-100-MFW,WIZ-MAIN,"Library Development Wizard; 12M Maint/FL RID#195, ID#300",000-2301-00,AWR,1,5580.00,0.00,5580.00,Normal
Invoice,7061CDM(1),4/16/2010,954,72,Boeing,United States,NORTH AMERICA,XEM-100-PFW,XEM-PURC,"AXIEM FS 3D Planar EM-Direct & Fast Solver; Purchase/FL RID#17720, ID#300",300-4025-00,AWR,2,36000.00,35400.00,1200.00,Normal
Invoice,7061CDM(1),4/16/2010,954,72,Boeing,United States,NORTH AMERICA,XEM-100-MFW,XEM-MAIN,"AXIEM FS: 3D Planar EM - Direct & Fast Solver; 12M Maint/FL RID#17720, ID#300",000-2301-00,AWR,2,5022.00,0.00,10044.00,Normal
Invoice,7061CDM(1),4/16/2010,954,72,Boeing,United States,NORTH AMERICA,VSS-250-MFW,VSS-MAIN,"VSS for Communication Signals; 12M Maint/FL RID#11614, ID#4461",000-2301-00,AWR,1,3348.00,0.00,3348.00,Normal
Invoice,7061CDM(1),4/16/2010,954,72,Boeing,United States,NORTH AMERICA,MWO-228-MFW,MWO-MAIN,"MWO for MMIC; 12M Maint/FL RID#4741, ID#4461",000-2301-00,AWR,3,6696.00,0.00,20088.00,Normal
Invoice,7061CDM(1),4/16/2010,954,72,Boeing,United States,NORTH AMERICA,VSS-350-MFW,VSS-MAIN,"VSS for Wireless Communication Standards; 12M Maint/FL RID#15902, ID#72",000-2301-00,AWR,1,4464.00,0.00,4464.00,Normal
Invoice,7061CDM(1),4/16/2010,954,72,Boeing,United States,NORTH AMERICA,VSS-350-MFW,VSS-MAIN,"VSS for Wireless Communication Standards; 12M Maint/FL RID#15948, ID#72",000-2301-00,AWR,1,4464.00,0.00,4464.00,Normal
Invoice,7061CDM(1),4/16/2010,954,72,Boeing,United States,NORTH AMERICA,MWO-228-MFW,MWO-MAIN,"MWO for MMIC; 12M Maint/FL RID#6663, ID#72",000-2301-00,AWR,1,6696.00,0.00,6696.00,Normal
Invoice,7061CDM(1),4/16/2010,954,72,Boeing,United States,NORTH AMERICA,MWO-228-MFW,MWO-MAIN,"MWO for MMIC; 12M Maint/FL RID#15901, ID#72",000-2301-00,AWR,1,6696.00,0.00,6696.00,Normal
Invoice,7061CDM(1),4/16/2010,954,72,Boeing,United States,NORTH AMERICA,MWO-200-MLW,MWO-MAIN,"MWO NonLinear: HB; 12M Maint/LK RID#11752, ID#9108",000-2301-00,AWR,1,2511.00,0.00,2511.00,Normal
Invoice,7067CI,4/19/2010,10158,10210,WISOL,SOUTH KOREA,NORTH AMERICA,MWO-100-PFW,MWO-PURC,MWO Linear; Purchase/Floating/Win RID#17756,300-4015-00,AWR,2,9594.05,0.00,19188.10,Normal
Invoice,7067CI,4/19/2010,10158,10210,WISOL,SOUTH KOREA,NORTH AMERICA,MWO-100-MFW,MWO-MAIN,MWO Linear; 12M Maint/Floating/Win,000-2301-00,AWR,2,1439.11,0.00,2878.21,Normal
Invoice,7067CI,4/19/2010,10158,10210,WISOL,SOUTH KOREA,NORTH AMERICA,NOTE,MISC,,300-4000-00,AWR,1,0.00,0.00,0.00,Normal
Invoice,7070MI,4/19/2010,7396,9222,Radio Frequency Systems (RFS),Australia,AUSTRALIA,BACK-MAIN,MISC,UPGRADE/Back maintenance on MWO-100-MLW RID#12341,300-4115-00,RES20,1,880.00,0.00,880.00,Normal
Invoice,7070MI,4/19/2010,7396,9222,Radio Frequency Systems (RFS),Australia,AUSTRALIA,MWO-100-MLW,MWO-MAIN,MWO Linear; 12M Maint/Locked RID#12341,000-2301-00,RES20,1,880.00,0.00,880.00,Normal
Invoice,7073MD,4/19/2010,,2791,Naval Research Laboratory,United States,NORTH AMERICA,MWO-225-MLW,MWO-MAIN,MWO for MIC/PCB; 12M Maint/Locked RID#4759,000-2301-00,AWR,1,4100.00,0.00,4100.00,Normal
Invoice,7073MD,4/19/2010,,2791,Naval Research Laboratory,United States,NORTH AMERICA,VSS-350-MLW,VSS-MAIN,VSS for Wireless Communication Standards; 12M Maint/Locked RID#4760,000-2301-00,AWR,1,3600.00,0.00,3600.00,Normal
Invoice,7073MD,4/19/2010,,2791,Naval Research Laboratory,United States,NORTH AMERICA,FIL-100-MLW,FIL-MAIN,Nuhertz Filter Synthesis; 12M Maint/Locked RID#14206,000-2301-00,AWR,1,97.00,0.00,97.00,Normal
Invoice,7074OD,4/19/2010,,7390,Litepoint,United States,NORTH AMERICA,HWK-200,HWK-PURC,Hardware Key - USB,300-4000-00,AWR,1,200.00,0.00,200.00,Normal
Invoice,7075MD,4/19/2010,,8747,"Aethercomm, Inc.",United States,NORTH AMERICA,MWO-205-MLW,MWO-MAIN,"MWO NonLinear: HB, Layout; 12M Maint/Locked RID#11538",000-2301-00,AWR,1,4110.00,0.00,4110.00,Normal
Invoice,7075MD,4/19/2010,,8747,"Aethercomm, Inc.",United States,NORTH AMERICA,BACK-MAIN,MISC,UPGRADE/Back maintenance on MWO-205-MLW RID#12792,300-4115-00,AWR,1,3600.00,0.00,3600.00,Normal
Invoice,7075MD,4/19/2010,,8747,"Aethercomm, Inc.",United States,NORTH AMERICA,MWO-205-MLW,MWO-MAIN,"MWO NonLinear: HB, Layout; 12M Maint/Locked RID#12792",000-2301-00,AWR,1,3500.00,0.00,3500.00,Normal
Invoice,7076MI,4/19/2010,7396,1983,CSIRO,AUSTRALIA,AUSTRALIA,VSS-250-MFW,VSS-MAIN,VSS for Communication Signals; 12M Maint/Floating RID#16792,000-2301-00,RES20,1,1760.00,0.00,1760.00,Normal
Invoice,7077MD,4/19/2010,,8809,"General Atomics Aeronautical Systems, Inc.",United States,NORTH AMERICA,MWO-225-MFW,MWO-MAIN,MWO for MIC/PCB; 12M Maint/Floating/RID#8472,000-2301-00,AWR,1,5400.00,0.00,5400.00,Normal
Invoice,7077MD,4/19/2010,,8809,"General Atomics Aeronautical Systems, Inc.",United States,NORTH AMERICA,VSS-350-MFW,VSS-MAIN,VSS for Wireless Communication Standards; 12M Maint/Floating/RID#8473,000-2301-00,AWR,1,4800.00,0.00,4800.00,Normal
Invoice,7078MI,4/19/2010,8930,7482-KK,"Panasonic Electric Works Co., Ltd.",Japan,ASIA,MWO-205-MLW,MWO-MAIN,"MWO NonLinear: HB, Layout; 12M Maint/Locked/RID#6686",000-2301-00,JAP,1,6842.02,0.00,6842.02,Normal
Invoice,7078MI,4/19/2010,8930,7482-KK,"Panasonic Electric Works Co., Ltd.",Japan,ASIA,HSP-100-MLW,HSP-MAIN,Synopsys HSPICE and Simulation Interface; 12M Maint/Locked/RID#8666,000-2301-00,JAP,1,5186.69,0.00,5186.69,Normal
Invoice,5609TI-3,4/21/2010,2343,9462,Longwater Systems,United Kingdom,EUROPE,MWO-105-TLW,MWO-TERM,MWO Linear & Layout; Term/Locked/Win,000-2300-00,INT,1,4307.45,90.37,4217.08,Normal
Invoice,5609TI-3,4/21/2010,2343,9462,Longwater Systems,United Kingdom,EUROPE,MWO-225-TLW,MWO-TERM,MWO for MIC/PCB; Term/Locked/Win,000-2300-00,INT,1,9691.75,203.32,9488.43,Normal
Invoice,7086TI-1D,4/23/2010,7396,10041,Sapphicon Semiconductor,AUSTRALIA,AUSTRALIA,ANO-449-TFW,ANO-TERM,ANO for RFIC; Term/Floating/Win RID#17783,000-2300-00,RES20,1,11200.00,2800.00,8400.00,Normal
Invoice,7086TI-1D,4/23/2010,7396,10041,Sapphicon Semiconductor,AUSTRALIA,AUSTRALIA,ANO-449-TFW,ANO-TERM,ANO for RFIC; Term/Floating/Win RID#17783,000-2300-00,RES20,1,11200.00,5600.00,5600.00,Normal
Invoice,7086TI-1D,4/23/2010,7396,10041,Sapphicon Semiconductor,AUSTRALIA,AUSTRALIA,MISC,,discount applied for payment for inv 6445TI-1D,000-2300-00,,1,-12250.00,0.00,-12250.00,Normal
Invoice,7086TI-1D,4/23/2010,7396,10041,Sapphicon Semiconductor,AUSTRALIA,AUSTRALIA,NOTE,MISC,1st quarterly payment of a 2yr 3month term commitment,300-4000-00,RES20,1,0.00,0.00,0.00,Normal
Invoice,7087TI-1D,4/23/2010,7396,10041,Sapphicon Semiconductor,AUSTRALIA,AUSTRALIA,ANO-449-TFW,ANO-TERM,ANO for RFIC; Term/Floating/Win RID#17784,000-2300-00,RES20,1,11200.00,2800.00,8400.00,Normal
Invoice,7087TI-1D,4/23/2010,7396,10041,Sapphicon Semiconductor,AUSTRALIA,AUSTRALIA,NOTE,MISC,1st qrtly invoice of a 2yr 3mnth term commitment,300-4000-00,RES20,1,0.00,0.00,0.00,Normal
Invoice,7079TD(1),4/26/2010,,9147,GraSen Technology LLC,United States,NORTH AMERICA,NOTE,MISC,1st year in a 3-yr term to be billed yearly,300-4000-00,AWR,1,0.00,0.00,0.00,Normal
Invoice,7079TD(1),4/26/2010,,9147,GraSen Technology LLC,United States,NORTH AMERICA,MWO-225-TLW,MWO-TERM,MWO for MIC/PCB; Term/Locked/Win,000-2300-00,AWR,1,9500.00,1900.00,7600.00,Normal
Invoice,7080MD,4/26/2010,,9091,Laboratory for Physical Science,United States,NORTH AMERICA,MWO-125-MLW,MWO-MAIN,"MWO Linear: EMSight, Layout; 12M Maint/Locked/Win",000-2301-00,AWR,1,2700.00,0.00,2700.00,Normal
Invoice,7081MD,4/26/2010,,89,"Cascade Microtech, Inc",United States,NORTH AMERICA,MWO-228-MFW,MWO-MAIN,MWO for MMIC; 12M Maint/Floating/Win,000-2301-00,AWR,1,7200.00,0.00,7200.00,Normal
Invoice,7082UI,4/26/2010,9568,6630,KDU College,Malaysia,ASIA,MWO-449-UFW,MWO-UNIV,Microwave Office University 20-License Package,300-4000-00,RES20,1,2400.00,0.00,2400.00,Normal
Invoice,7083MI,4/26/2010,957,1168,Elettronica Spa,Italy,EUROPE,FIL-100-MFW,FIL-MAIN,Nuhertz Filter Synthesis; 12M Maint/Floating/RID#9593,000-2301-00,RES30,1,1236.05,0.00,1236.05,Normal
Invoice,7083MI,4/26/2010,957,1168,Elettronica Spa,Italy,EUROPE,MWO-205-MFW,MWO-MAIN,"MWO NonLinear: HB, Layout; 12M Maint/Floating/RID#8425 &#12282",000-2301-00,RES30,2,3993.40,0.00,7986.80,Normal
Invoice,7083MI,4/26/2010,957,1168,Elettronica Spa,Italy,EUROPE,MWO-225-MFW,MWO-MAIN,MWO for MIC/PCB; 12M Maint/Floating/RID#5604,000-2301-00,RES30,1,4468.81,0.00,4468.81,Normal
Invoice,7083MI,4/26/2010,957,1168,Elettronica Spa,Italy,EUROPE,MWO-228-MFW,MWO-MAIN,MWO for MMIC; 12M Maint/Floating/RID#3817,000-2301-00,RES30,1,5895.02,0.00,5895.02,Normal
Invoice,7083MI,4/26/2010,957,1168,Elettronica Spa,Italy,EUROPE,VSS-250-MFW,VSS-MAIN,VSS for Communication Signals; 12M Maint/Floating/RID#8426,000-2301-00,RES30,1,2947.51,0.00,2947.51,Normal
Invoice,7084UI,4/26/2010,1445,8824,ETH Zurich,Switzerland,EUROPE,MWO-449-UFW,MWO-UNIV,Microwave Office University 20-License Package,300-4000-00,RES30,1,2100.00,420.00,1680.00,Normal
Invoice,7085MI,4/26/2010,8930,9651-KK,Leader Electronics Corp.,Japan,ASIA,MWO-225-MLW,MWO-MAIN,MWO for MIC/PCB; 12M Maint/Locked/RID#15487,000-2301-00,JAP,1,7724.86,0.00,7724.86,Normal
Invoice,7085MI,4/26/2010,8930,9651-KK,Leader Electronics Corp.,Japan,ASIA,APL-100-MLW,APL-MAIN,APLAC Time-Domain Simulator; 12M Maint/Locked/RID#15488,000-2301-00,JAP,1,3421.01,0.00,3421.01,Normal
Invoice,7088MD,4/26/2010,,8706,High Power Microwave,United States,NORTH AMERICA,MWO-105-MLW,MWO-MAIN,MWO Linear: Layout; 12M Maint/Locked/WIN,000-2301-00,AWR,1,1800.00,0.00,1800.00,Normal
Invoice,7089TI,4/26/2010,2343,469,Nera UK,United Kingdom,EUROPE,XEM-050-TLW,XEM-TERM,AXIEM DS: 3D Planar EM - Direct Solver; Term/Locked/Win,000-2300-00,EUR,1,5400.00,0.00,5400.00,Normal
Invoice,7090MI,4/28/2010,8930,3696-KK,Yazaki Corporation,Japan,ASIA,MWO-100-MLW,MWO-MAIN,MWO Linear; 12M Maint/Locked/RID#4569,000-2301-00,JAP,1,1765.68,0.00,1765.68,Normal
Invoice,7090MI,4/28/2010,8930,3696-KK,Yazaki Corporation,Japan,ASIA,HSP-100-MLW,HSP-MAIN,Synopsys HSPICE and Simulation Interface; 12M Maint/Locked/RID#9711,000-2301-00,JAP,1,5186.69,0.00,5186.69,Normal
Invoice,7091MD,4/28/2010,,9339,The Aerospace Corporation,United States,NORTH AMERICA,MWO-200-MLW,MWO-MAIN,MWO NonLinear: HB; 17M Maint/Locked/Win,000-2301-00,AWR,1,3600.00,0.00,3600.00,Normal
Invoice,7094CI,4/28/2010,1450,10208,Raja Ramanna Centre for Advanced Technolgy,India,ASIA,MWO-225-PLW,MWO-PURC,MWO for MIC/PCB; Purchase/Locked/RID#17797,300-4015-00,RES40,1,19440.00,2105.00,17335.00,Normal
Invoice,7094CI,4/28/2010,1450,10208,Raja Ramanna Centre for Advanced Technolgy,India,ASIA,MWO-225-MLW,MWO-MAIN,MWO for MIC/PCB; 12M Maint/Locked/Win,000-2301-00,RES40,1,3136.00,0.00,3136.00,Normal
Invoice,7064CD-UP,4/29/2010,,2275,Lockheed Martin,United States,NORTH AMERICA,UPG-PROD,MISC,UpgradeMWO-228-PLW(RID#6081) to MWO-228-P1W(RID#17732),300-4015-00,AWR,1,4800.00,0.00,4800.00,Normal
Invoice,7064CD-UP,4/29/2010,,2275,Lockheed Martin,United States,NORTH AMERICA,UPG-MAIN,,upgrade associated fess with item above,000-2301-00,,1,720.00,0.00,720.00,Normal
Invoice,7064CD-UP,4/29/2010,,2275,Lockheed Martin,United States,NORTH AMERICA,XEM-100-P1W,XEM-PURC,AXIEM FS: 3D Planar EM - Direct & Fast Solver; Purchase/WAN 1 TZ/RID#17808,300-4025-00,AWR,1,39600.00,3960.00,35640.00,Normal
Invoice,7064CD-UP,4/29/2010,,2275,Lockheed Martin,United States,NORTH AMERICA,XEM-100-M1W,XEM-MAIN,AXIEM FS: 3D Planar EM - Direct & Fast Solver; 12M Maint/WAN 1 TZ/Win,000-2301-00,AWR,1,6500.00,0.00,6500.00,Normal
Invoice,7092MD,4/29/2010,,3728,Lockheed Martin,United States,NORTH AMERICA,FIL-100-MFW,FIL-MAIN,Nuhertz Filter Synthesis; 12M Maint/Floating/RID#8903,000-2301-00,AWR,1,1500.00,0.00,1500.00,Normal
Invoice,7092MD,4/29/2010,,3728,Lockheed Martin,United States,NORTH AMERICA,VSS-250-MFW,VSS-MAIN,VSS for Communication Signals; 12M Maint/Floating/RID#8261,000-2301-00,AWR,2,3600.00,0.00,7200.00,Normal
Invoice,7092MD,4/29/2010,,3728,Lockheed Martin,United States,NORTH AMERICA,MWO-200-MFW,MWO-MAIN,MWO NonLinear: HB; 12M Maint/Floating/RID#8260,000-2301-00,AWR,2,3600.00,0.00,7200.00,Normal
Invoice,7092MD,4/29/2010,,3728,Lockheed Martin,United States,NORTH AMERICA,MWO-225-MFW,MWO-MAIN,MWO for MIC/PCB; 12M Maint/Floating/RID#8259,000-2301-00,AWR,2,5400.00,0.00,10800.00,Normal
Invoice,7092MD,4/29/2010,,3728,Lockheed Martin,United States,NORTH AMERICA,MWO-228-MFW,MWO-MAIN,MWO for MMIC; 12M Maint/Floating/rid#1075,000-2301-00,AWR,1,7200.00,0.00,7200.00,Normal
Invoice,7093TD,4/29/2010,,3916,Andrew Corporation,United States,NORTH AMERICA,FIL-200-TFW,FIL-TERM,AWR iFilter - Lumped Synthesis Solution; Term/Floating/RID#17800,000-2300-00,AWR,1,3400.00,0.00,3400.00,Normal
Invoice,7095CI,4/29/2010,9479,10227,CopperGate,ISRAEL,EUROPE,MWO-136-PLW,MWO-PURC,"MWO Linear: AXIEM DS, Layout, iNets, DRC; Purchase/Locked/RID#17798",300-4015-00,RES20,1,22464.00,2334.40,20129.60,Normal
Invoice,7095CI,4/29/2010,9479,10227,CopperGate,ISRAEL,EUROPE,MWO-136-MLW,MWO-MAIN,"MWO Linear: AXIEM DS, Layout, iNets, DRC; 12M Maint/Locked/Win",000-2301-00,RES20,1,3520.00,0.00,3520.00,Normal
Invoice,7095CI,4/29/2010,9479,10227,CopperGate,ISRAEL,EUROPE,HWK-200,HWK-PURC,Hardware Key - USB,300-4000-00,RES20,1,300.00,300.00,0.00,Normal
Invoice,7096MD,4/29/2010,,2275,Lockheed Martin,United States,NORTH AMERICA,MWO-228-MFW,MWO-MAIN,"MWO for MMIC; 12M Maint/Floating/RID#6081, #7854",000-2301-00,AWR,4,7200.00,0.00,28800.00,Normal
Invoice,7096MD,4/29/2010,,2275,Lockheed Martin,United States,NORTH AMERICA,MWO-228-MFW,MWO-MAIN,MWO for MMIC; 12M Maint/Floating/RID#17312,000-2301-00,AWR,1,7200.00,0.00,7200.00,Normal
Invoice,7063CD(1),4/30/2010,827,478,Northrop Grumman,United States,NORTH AMERICA,NOTE,MISC,1st-yr of a 4-yr contract to be billed yearly re payment schedule on PO,300-4000-00,AWR,1,0.00,0.00,0.00,Normal
Invoice,7063CD(1),4/30/2010,827,478,Northrop Grumman,United States,NORTH AMERICA,MWO-248-PFW,MWO-PURC,"MWO for MMIC: HB, EMSight, AXIEM FS, Layout, DRC, MMIC Libraries Purchase/Floating RID/WIN",300-4015-00,AWR,10,54000.00,38710.30,152897.00,Normal
Invoice,7063CD(1),4/30/2010,827,478,Northrop Grumman,United States,NORTH AMERICA,MWO-248-MFW,MWO-MAIN,"MFW_4: MWO for MMIC: HB, EMSight, AXIEM FS, Layout, DRC, MMIC Libraries 12M Maint/Floating/Win",000-2301-00,AWR,10,7533.00,0.00,75330.00,Normal
Invoice,7063CD(1),4/30/2010,827,478,Northrop Grumman,United States,NORTH AMERICA,MWO-229-PFW,MWO-PURC,MWO for MMIC & Modules; Purchase/Floating/Win,300-4015-00,AWR,1,60000.00,43011.00,16989.00,Normal
Invoice,7063CD(1),4/30/2010,827,478,Northrop Grumman,United States,NORTH AMERICA,MWO-229-MFW,MWO-MAIN,MWO for MMIC & Modules; 12M Maint/Floating/Win,000-2301-00,AWR,1,8370.00,0.00,8370.00,Normal
Invoice,7063CD(1),4/30/2010,827,478,Northrop Grumman,United States,NORTH AMERICA,APL-100-PFW,APL-PURC,APLAC Time-Domain Simulator; Purchase/Floating/Win,300-4010-00,AWR,1,16000.00,11470.00,4530.00,Normal
Invoice,7063CD(1),4/30/2010,827,478,Northrop Grumman,United States,NORTH AMERICA,APL-100-MFW,APL-MAIN,APLAC Time-Domain Simulator; 12M Maint/Floating/Win,000-2301-00,AWR,1,2232.00,0.00,2232.00,Normal
Invoice,7063CD(1),4/30/2010,827,478,Northrop Grumman,United States,NORTH AMERICA,VSS-150-PFW,VSS-PURC,VSS for RF Architecture; Purchase/Floating/Win,300-4020-00,AWR,1,12000.00,8602.03,3397.97,Normal
Invoice,7063CD(1),4/30/2010,827,478,Northrop Grumman,United States,NORTH AMERICA,VSS-150-MFW,VSS-MAIN,VSS for RF Architecture; 12M Maint/Floating/Win,000-2301-00,AWR,1,1674.00,0.00,1674.00,Normal
Invoice,7063CD(1),4/30/2010,827,478,Northrop Grumman,United States,NORTH AMERICA,MWO-248-PFW,MWO-PURC,"MWO for MMIC: HB, EMSight, AXIEM FS, Layout, DRC, MMIC Libraries Purchase/Floating/Win",300-4015-00,AWR,11,54000.00,38710.27,168187.03,Normal
Invoice,7063CD(1),4/30/2010,827,478,Northrop Grumman,United States,NORTH AMERICA,MWO-248-PFW,MWO-PURC,"MWO for MMIC: HB, EMSight, AXIEM FS, Layout, DRC, MMIC Libraries Purchase/Floating/Win",300-4015-00,AWR,5,54000.00,38710.20,76449.00,Normal
Invoice,7063CD(1),4/30/2010,827,478,Northrop Grumman,United States,NORTH AMERICA,MWO-248-PFW,MWO-PURC,"MWO for MMIC: HB, EMSight, AXIEM FS, Layout, DRC, MMIC Libraries Purchase/Floating/Win",300-4015-00,AWR,3,54000.00,16200.00,113400.00,Normal
Invoice,7063CD(1),4/30/2010,827,478,Northrop Grumman,United States,NORTH AMERICA,MWO-248-MFW,MWO-MAIN,"MFW_4: MWO for MMIC: HB, EMSight, AXIEM FS, Layout, DRC, MMIC Libraries 12M Maint/Floating/Win",000-2301-00,AWR,3,7533.00,0.00,22599.00,Normal
Invoice,7063CD(1),4/30/2010,827,478,Northrop Grumman,United States,NORTH AMERICA,XEM-100-PFW,XEM-PURC,AXIEM FS: 3D Planar EM - Direct & Fast Solver; Purchase/Floating/Win,300-4025-00,AWR,1,36000.00,10800.00,25200.00,Normal
Invoice,7063CD(1),4/30/2010,827,478,Northrop Grumman,United States,NORTH AMERICA,XEM-100-MFW,XEM-MAIN,AXIEM FS: 3D Planar EM - Direct & Fast Solver; 12M Maint/Floating/Win,000-2301-00,AWR,1,5022.00,0.00,5022.00,Normal
Invoice,7097MD,4/30/2010,,6564,National Instruments,United States,NORTH AMERICA,FIL-100-M3W,FIL-MAIN,Nuhertz Filter Synthesis; 12M Maint/WAN 3 TZ/RID#9372 $ #9616,000-2301-00,AWR,2,1560.00,0.00,3120.00,Normal
Invoice,7097MD,4/30/2010,,6564,National Instruments,United States,NORTH AMERICA,VSS-350-M3W,VSS-MAIN,VSS for Wireless Communication Standards; 12M Maint/WAN 3 TZ/RID#7053,000-2301-00,AWR,1,4992.00,0.00,4992.00,Normal
Invoice,7097MD,4/30/2010,,6564,National Instruments,United States,NORTH AMERICA,MWO-225-M3W,MWO-MAIN,MWO for MIC/PCB; 12M Maint/WAN 3 TZ/RID#7052 $ #8551,000-2301-00,AWR,2,4992.00,0.00,9984.00,Normal
Invoice,7097MD,4/30/2010,,6564,National Instruments,United States,NORTH AMERICA,MWO-225-M3W,MWO-MAIN,MWO for MIC/PCB; 12M Maint/WAN 3 TZ/RID#16586,000-2301-00,AWR,1,3037.00,0.00,3037.00,Normal
Invoice,7098MD,4/30/2010,,9104,Invivo Corporation,United States,NORTH AMERICA,MWO-225-M1W,MWO-MAIN,MWO for MIC/PCB; 12M Maint/WAN 1 TZ/RID#14414,000-2301-00,AWR,1,6000.00,0.00,6000.00,Normal
Invoice,7099TD,4/30/2010,,10045,Camargo Consulting,United States,NORTH AMERICA,MWO-225-TLW,MWO-TERM,MWO for MIC/PCB; 3Month-Term/Locked/Win,000-2300-00,AWR,1,3050.00,0.00,3050.00,Normal
Invoice,7100MI,4/30/2010,957,3300,Selex Galileo Avionica,Italy,EUROPE,MWO-225-MFW,MWO-MAIN,MWO for MIC/PCB; 12M Maint/Floating/Win,000-2301-00,RES30,3,4468.81,0.00,13406.42,Normal
Invoice,7101CI,4/30/2010,6763,10229,Alciom,FRANCE,EUROPE,VSS-150-PLW,VSS-PURC,VSS for RF Architecture; Purchase/Locked/RID#17814,300-4020-00,EUR,1,10594.74,5297.37,5297.37,Normal
Invoice,7101CI,4/30/2010,6763,10229,Alciom,FRANCE,EUROPE,VSS-150-MLW,VSS-MAIN,VSS for RF Architecture; 12M Maint/Locked/Win,000-2301-00,EUR,1,1629.96,0.00,1629.96,Normal
Invoice,7102MI,4/30/2010,8930,9165-KK,Sumitomo 3M Limited Corporation Research,Japan,ASIA,MWO-125-MLW,MWO-MAIN,"MWO Linear: EMSight, Layout; 12M Maint/Locked/RID#12049",000-2301-00,JAP,1,5186.69,0.00,5186.69,Normal
Invoice,7102MI,4/30/2010,8930,9165-KK,Sumitomo 3M Limited Corporation Research,Japan,ASIA,HSP-100-MLW,HSP-MAIN,Synopsys HSPICE and Simulation Interface; 12M Maint/Locked/RID#12050,000-2301-00,JAP,1,5186.69,0.00,5186.69,Normal
Invoice,7103MI,4/30/2010,2343,8840,Link Research Limited,United Kingdom,EUROPE,MWO-225-MLW,MWO-MAIN,MWO for MIC/PCB; 12M Maint/Locked/RID#8583,000-2301-00,EUR,1,4518.30,0.00,4518.30,Normal
Invoice,7103MI,4/30/2010,2343,8840,Link Research Limited,United Kingdom,EUROPE,VSS-350-MLW,VSS-MAIN,VSS for Wireless Communication Standards; 12M Maint/Locked/RID#8584,000-2301-00,EUR,1,3915.86,0.00,3915.86,Normal
Invoice,7104MD,4/30/2010,,3520,Southwest Research Institute,United States,NORTH AMERICA,MWO-225-MFW,MWO-MAIN,MWO for MIC/PCB; 12M Maint/Floating/Win,000-2301-00,AWR,1,5400.00,0.00,5400.00,Normal
Invoice,5578TD-9,5/1/2010,,630,REMEC Defense and Space,United States,NORTH AMERICA,MWO-225-TFW,MWO-TERM,MWO for MIC/PCB; Term/Floating/Win,000-2300-00,AWR,13,3150.00,1726.00,18512.00,Normal
Invoice,5578TD-9,5/1/2010,,630,REMEC Defense and Space,United States,NORTH AMERICA,MWO-228-TFW,MWO-TERM,MWO for MMIC; Term/Floating/Win,000-2300-00,AWR,15,4200.00,2421.00,26685.00,Normal
Invoice,5578TD-9,5/1/2010,,630,REMEC Defense and Space,United States,NORTH AMERICA,HSP-100-TFW,HSP-TERM,Synopsys HSPICE and Simulation Interface; Term/Floating/Win,000-2300-00,AWR,1,2100.00,506.00,1594.00,Normal
Invoice,5578TD-9,5/1/2010,,630,REMEC Defense and Space,United States,NORTH AMERICA,APL-200-TFW,APL-TERM,APLAC Time-Domain & HB Advanced; Term/Floating/Win,000-2300-00,AWR,2,2625.00,632.00,3986.00,Normal
Invoice,5578TD-9,5/1/2010,,630,REMEC Defense and Space,United States,NORTH AMERICA,ANO-229-TFW,ANO-TERM,ANO for RFIC; Term/Floating/Win,000-2300-00,AWR,1,7875.00,3319.00,4556.00,Normal
Invoice,6397TD-5,5/1/2010,,7458,REMEC Defense and Space,United States,NORTH AMERICA,VSS-250-TFW,VSS-TERM,VSS for Communication Signals; Term/Floating/Win,000-2300-00,AWR,1,2337.00,657.00,1680.00,Normal
Invoice,6397TD-5,5/1/2010,,7458,REMEC Defense and Space,United States,NORTH AMERICA,NOTE,MISC,5th payment of 8 quarterly payments,300-4000-00,AWR,1,0.00,0.00,0.00,Normal
Invoice,6424TI(2),5/1/2010,2343,8846,e2v Technologies,United Kingdom,EUROPE,MWO-225-TFW,MWO-TERM,MWO for MIC/PCB; Term/Floating/Win RID #16059,000-2300-00,INT,1,13947.57,0.00,13947.57,Normal
Invoice,6424TI(2),5/1/2010,2343,8846,e2v Technologies,United Kingdom,EUROPE,NOTE,MISC,2nd yr in a 3-yr term commitment,300-4000-00,INT,1,0.00,0.00,0.00,Normal
Invoice,6446MI(2),5/1/2010,2343,9987,Filtronic Broadband Ltd.,United Kingdom,EUROPE,MWO-228-MFW,MWO-MAIN,MWO for MMIC; 10.5M Maint/Floating/Win RID#15680,000-2301-00,INT,2,6973.79,0.00,13947.57,Normal
Invoice,6446MI(2),5/1/2010,2343,9987,Filtronic Broadband Ltd.,United Kingdom,EUROPE,NOTE,MISC,2nd payment of 2 in a 1yr 9mn maintenance contract,300-4000-00,INT,1,0.00,0.00,0.00,Normal
Invoice,6734CD-3,5/1/2010,,8865,Advanced Control Components,United States,NORTH AMERICA,MWO-136-PFW,MWO-PURC,"MWO Linear: AXIEM DS, Layout, iNets, DRC; Purchase/Floating/Win RID#16882",300-4015-00,AWR,1,8000.00,1200.00,6800.00,Normal
Invoice,6734CD-3,5/1/2010,,8865,Advanced Control Components,United States,NORTH AMERICA,MWO-136-MFW,MWO-MAIN,"MWO Linear: AXIEM DS, Layout, iNets, DRC; 12M Maint/Floating/Win",000-2301-00,AWR,1,1200.00,0.00,1200.00,Normal
Invoice,6734CD-3,5/1/2010,,8865,Advanced Control Components,United States,NORTH AMERICA,XEM-100-PFW,XEM-PURC,AXIEM FS: 3D Planar EM - Direct & Fast Solver; Purchase/Floating/Win RID#16883,300-4025-00,AWR,1,9000.00,1350.00,7650.00,Normal
Invoice,6734CD-3,5/1/2010,,8865,Advanced Control Components,United States,NORTH AMERICA,XEM-100-MFW,XEM-MAIN,AXIEM FS: 3D Planar EM - Direct & Fast Solver; 12M Maint/Floating/Win,000-2301-00,AWR,1,1350.00,0.00,1350.00,Normal
Invoice,6734CD-3,5/1/2010,,8865,Advanced Control Components,United States,NORTH AMERICA,NOTE,MISC,3rd invoice of 4 - Re payment terms on face of PO,300-4000-00,AWR,1,0.00,0.00,0.00,Normal
Invoice,6744TID-3,5/2/2010,,1335,Mimix Broadband Inc.,United States,NORTH AMERICA,MWO-228-TFW,MWO-TERM,MWO for MMIC; Term/Floating/Win,000-2300-00,AWR,1,5600.00,2504.43,3095.57,Normal
Invoice,6744TID-3,5/2/2010,,1335,Mimix Broadband Inc.,United States,NORTH AMERICA,MWO-225-TFW,MWO-TERM,MWO for MIC/PCB; Term/Floating/Win,000-2300-00,AWR,1,4200.00,1878.33,2321.67,Normal
Invoice,6744TID-3,5/2/2010,,1335,Mimix Broadband Inc.,United States,NORTH AMERICA,MWO-228-TLW,MWO-TERM,MWO for MMIC; Term/Locked/Win,000-2300-00,AWR,5,4200.00,1878.33,11608.35,Normal
Invoice,6744TID-3,5/2/2010,,1335,Mimix Broadband Inc.,United States,NORTH AMERICA,MWO-229-TFW,MWO-TERM,MWO for MMIC & Modules; Term/Floating/Win,000-2300-00,AWR,2,7000.00,3130.54,7738.92,Normal
Invoice,6744TID-3,5/2/2010,,1335,Mimix Broadband Inc.,United States,NORTH AMERICA,SON-100-TFW,SON-TERM,Sonnet Suite. Term Floating License,300-4420-00,AWR,1,2649.60,1184.95,1464.65,Normal
Invoice,6744TID-3,5/2/2010,,1335,Mimix Broadband Inc.,United States,NORTH AMERICA,SON-100-TFW,SON-TERM,Sonnet Engine. Term Floating License,300-4420-00,AWR,1,1700.00,760.27,939.73,Normal
Invoice,6744TID-3,5/2/2010,,1335,Mimix Broadband Inc.,United States,NORTH AMERICA,MWO-228-TFW,MWO-TERM,MWO for MMIC; Term/Floating/Win,000-2300-00,AWR,3,5600.00,2504.43,9286.71,Normal
Invoice,6744TID-3,5/2/2010,,1335,Mimix Broadband Inc.,United States,NORTH AMERICA,MWO-225-TFW,MWO-TERM,MWO for MIC/PCB; Term/Floating/Win,000-2300-00,AWR,1,4200.00,1878.33,2321.67,Normal
Invoice,6744TID-3,5/2/2010,,1335,Mimix Broadband Inc.,United States,NORTH AMERICA,SON-100-TFW,SON-TERM,Sonnet Engine. Term Floating License,300-4420-00,AWR,1,1700.00,760.27,939.73,Normal
Invoice,6744TID-3,5/2/2010,,1335,Mimix Broadband Inc.,United States,NORTH AMERICA,NOTE,MISC,3 year term contract to be billed quarterly over 3 years,300-4000-00,AWR,1,0.00,0.00,0.00,Normal
Invoice,5586TI-3,5/5/2010,2343,9459,Cambridge Consultants Ltd.,United Kingdom,EUROPE,MWO-225-TLW,MWO-TERM,MWO for MIC/PCB; Term/Locked/Win,000-2300-00,INT,1,9864.46,0.00,9864.46,Normal
Invoice,5586TI-3,5/5/2010,2343,9459,Cambridge Consultants Ltd.,United Kingdom,EUROPE,VSS-250-TLW,VSS-TERM,VSS for Communication Signals; Term/Locked/Win,000-2300-00,INT,1,6575.28,3287.64,3287.64,Normal
Invoice,7107CD-UP,5/10/2010,,259,Microsemi Corporation - RFIS Folsom,United States,NORTH AMERICA,UPG-PROD,MISC,Upgrade of existing MWO-225-PFE(RID#16805) to MWO-225-P3W(RID#16805),300-4015-00,AWR,1,10800.00,1035.00,9765.00,Normal
Invoice,7107CD-UP,5/10/2010,,259,Microsemi Corporation - RFIS Folsom,United States,NORTH AMERICA,UPG-MAIN,,upgrade associated maintenance coverd through 6/12/10,000-2301-00,,1,135.00,0.00,135.00,Normal
Invoice,7108SI,5/10/2010,2343,8683,Selex Communications Ltd,United Kingdom,EUROPE,TRN-300,TRN-TRAI,3 Day AWR Standard Training Course,000-2302-00,EUR,3,1685.97,0.00,5057.91,Normal
Invoice,7109SI,5/10/2010,2343,9132,Cobham Domo Ltd,United Kingdom,EUROPE,TRN-300,TRN-TRAI,3 Day AWR Standard Training Course,000-2302-00,EUR,1,1685.97,0.00,1685.97,Normal
Invoice,7110SI,5/10/2010,2343,9991,GCHQ,United Kingdom,EUROPE,TRN-300,TRN-TRAI,3 Day AWR Standard Training Course,000-2302-00,EUR,1,1685.97,0.00,1685.97,Normal
Invoice,7115SD,5/11/2010,,1083,Alcatel-Lucent,United States,NORTH AMERICA,TRN-200,TRN-TRAI,2 Day AWR Standard Training Course,000-2302-00,AWR,1,1000.00,100.00,900.00,Normal
Invoice,7116SD,5/11/2010,,7981,L3 Communications,United States,NORTH AMERICA,TRN-200,TRN-TRAI,2-day EM Simulation training class in New Jersey May 18-19,000-2302-00,AWR,1,1000.00,100.00,900.00,Normal
Invoice,7117SD,5/11/2010,,7053,Werlatone,United States,NORTH AMERICA,TRN-200,TRN-TRAI,2-day EM Simuation training class in New Jersey May 18-19,000-2302-00,AWR,3,1000.00,100.00,2700.00,Normal
Invoice,7118SD,5/11/2010,,8865,Advanced Control Components,United States,NORTH AMERICA,TRN-200,TRN-TRAI,2-say EM Simulation training class in New Jersey May 18-19,000-2302-00,AWR,2,1000.00,250.00,1500.00,Normal
Invoice,7119SD,5/11/2010,,9195,Baker Hughes INTEQ,United States,NORTH AMERICA,TRN-200,TRN-TRAI,2-day EM Simulation training class in New Jersey May 18-19,000-2302-00,AWR,1,1000.00,0.00,1000.00,Normal
Invoice,6351MD(2),5/12/2010,,9466,KMW USA Inc.,United States,NORTH AMERICA,MWO-100-MFW,MWO-MAIN,MWO Linear; 12M Maint/Floating/Win RID #13938,000-2301-00,AWR,1,1116.00,0.00,1116.00,Normal
Invoice,6351MD(2),5/12/2010,,9466,KMW USA Inc.,United States,NORTH AMERICA,MWO-225-MFW,MWO-MAIN,MWO for MIC/PCB; 12M Maint/Floating/Win RID #13939,000-2301-00,AWR,1,5022.00,0.00,5022.00,Normal
Invoice,6351MD(2),5/12/2010,,9466,KMW USA Inc.,United States,NORTH AMERICA,NOTE,MISC,2nd yr of a 3 yr maintenance contract to be billed yearly,300-4000-00,AWR,1,0.00,0.00,0.00,Normal
Invoice,7105MD(1),5/14/2010,,985,Raytheon-SAS & NCS,United States,NORTH AMERICA,NOTE,MISC,3 year maintenance contract re PO 4200264458 to be billed yearly,300-4000-00,AWR,1,0.00,0.00,0.00,Normal
Invoice,7105MD(1),5/14/2010,,985,Raytheon-SAS & NCS,United States,NORTH AMERICA,MWO-229-MFW,MWO-MAIN,MWO for MMIC & Modules; 12M Maint/Floating RID#12945,000-2301-00,AWR,1,8370.00,0.00,8370.00,Normal
Invoice,7105MD(1),5/14/2010,,985,Raytheon-SAS & NCS,United States,NORTH AMERICA,ANO-229-MFW,ANO-MAIN,ANO for RFIC; 12M Maint/Floating RID#15772,000-2301-00,AWR,1,14694.00,0.00,14694.00,Normal
Invoice,7111MI,5/14/2010,957,2457,Space Engineering,Italy,EUROPE,MWO-228-MLW,MWO-MAIN,MWO for MMIC; 12M Maint/Locked RID#15404,000-2301-00,RES30,1,4423.41,0.00,4423.41,Normal
Invoice,7112UI,5/14/2010,1541,727,Universitat Zittau/Gorlitz; FB Elektrotechnik,Germany,EUROPE,MWO-449-UFW,MWO-UNIV,Microwave Office University 20-License Package RID#17859,300-4000-00,RES30,1,2100.00,1697.50,402.50,Normal
Invoice,7112UI,5/14/2010,1541,727,Universitat Zittau/Gorlitz; FB Elektrotechnik,Germany,EUROPE,VSS-350-UFW,VSS-UNIV,Visual System Simulator University 20-License Package RID#17860,300-4000-00,RES30,1,2100.00,2100.00,0.00,Normal
Invoice,7113MI,5/14/2010,8930,9187-KK,AOR Ltd.,Japan,ASIA,MWO-125-MLW,MWO-MAIN,"MWO Linear: EMSight, Layout; 12M Maint/Locked/RID#12794",000-2301-00,JAP,1,5028.89,0.00,5028.89,Normal
Invoice,7114UI,5/14/2010,8930,9654-KK,Murata Manufacturing trading by Hokushin,Japan,ASIA,MWO-449-TFW,MWO-TERM,MWO for MMIC/Modules; Term/Floating/RID#17861,000-2300-00,JAP,1,54996.79,0.00,54996.79,Normal
Invoice,7120MI,5/14/2010,957,2815,Thales,Italy,EUROPE,MWO-225-MLW,MWO-MAIN,MWO for MIC/PCB; 12M Maint/Locked RID#3700,000-2301-00,RES30,1,3294.03,0.00,3294.03,Normal
Invoice,7121MD,5/14/2010,,461,Naval Research Laboratory,United States,NORTH AMERICA,MWO-225-MLW,MWO-MAIN,MWO for MIC/PCB; 12M Maint/Locked RID#4976,000-2301-00,AWR,1,4100.00,0.00,4100.00,Normal
Invoice,7121MD,5/14/2010,,461,Naval Research Laboratory,United States,NORTH AMERICA,MWO-225-MFW,MWO-MAIN,MWO for MIC/PCB; 12M Maint/Floating RID#1098,000-2301-00,AWR,1,5400.00,0.00,5400.00,Normal
Invoice,7121MD,5/14/2010,,461,Naval Research Laboratory,United States,NORTH AMERICA,MWO-228-MFW,MWO-MAIN,MWO for MMIC; 12M Maint/Floating RID#12460,000-2301-00,AWR,1,7200.00,0.00,7200.00,Normal
Invoice,7122SI,5/14/2010,2343,2057,C-MAC MicroTechnology,United Kingdom,EUROPE,TRN-300,TRN-TRAI,3 Day AWR Standard Training Course May 18-20,000-2302-00,EUR,1,1685.97,0.00,1685.97,Normal
Invoice,7122SI,5/14/2010,2343,2057,C-MAC MicroTechnology,United Kingdom,EUROPE,MISC,,hotel fro night of May 17th,000-2302-00,,1,90.43,0.00,90.43,Normal
Invoice,7123MD,5/14/2010,7197,7197,Allen Vanguard Technologies Inc.,Canada,NORTH AMERICA,FIL-100-MLW,FIL-MAIN,Nuhertz Filter Synthesis; 12M Maint/Locked/Win,000-2301-00,AWR,3,1200.00,0.00,3600.00,Normal
Invoice,7123MD,5/14/2010,7197,7197,Allen Vanguard Technologies Inc.,Canada,NORTH AMERICA,HSP-100-MLW,HSP-MAIN,Synopsys HSPICE and Simulation Interface; 12M Maint/Locked/Win,000-2301-00,AWR,1,2700.00,0.00,2700.00,Normal
Invoice,7123MD,5/14/2010,7197,7197,Allen Vanguard Technologies Inc.,Canada,NORTH AMERICA,MWO-225-MLW,MWO-MAIN,MWO for MIC/PCB; 12M Maint/Locked/Win,000-2301-00,AWR,3,4100.00,0.00,12300.00,Normal
Invoice,7123MD,5/14/2010,7197,7197,Allen Vanguard Technologies Inc.,Canada,NORTH AMERICA,VSS-350-MFW,VSS-MAIN,VSS for Wireless Communication Standards; 12M Maint/Floating/Win,000-2301-00,AWR,3,4800.00,0.00,14400.00,Normal
Invoice,5661TI-3,5/15/2010,8930,935-KK,Mitsubishi Electric Co. Ltd.,Japan,ASIA,WIZ-100-TFW,WIZ-TERM,Library Development Wizard; Term/Floating/Win,000-2300-00,JAP,1,27466.30,0.00,27466.30,Normal
Invoice,6978TI-2,5/15/2010,7396,10041,Sapphicon Semiconductor,AUSTRALIA,AUSTRALIA,WIZ-100-TFW,WIZ-TERM,Library Development Wizard; Term/Floating/Win,000-2300-00,RES20,1,3360.00,0.00,3360.00,Normal
Invoice,6429MD(2),5/19/2010,,673,Northrop Grumman,United States,NORTH AMERICA,FIL-100-MFW,FIL-MAIN,Nuhertz Filter Synthesis; 12M Maint/Floating/RID#7254,000-2301-00,AWR,2,1395.00,0.00,2790.00,Normal
Invoice,6429MD(2),5/19/2010,,673,Northrop Grumman,United States,NORTH AMERICA,HSP-100-MFW,HSP-MAIN,Synopsys HSPICE and Simulation Interface; 12M Maint/Floating/RID#10160,000-2301-00,AWR,3,3348.00,0.00,10044.00,Normal
Invoice,6429MD(2),5/19/2010,,673,Northrop Grumman,United States,NORTH AMERICA,MWO-125-MFW,MWO-MAIN,"MWO Linear: EMSight, Layout; 12M Maint/Floating/",000-2301-00,AWR,8,3348.00,0.00,26784.00,Normal
Invoice,6429MD(2),5/19/2010,,673,Northrop Grumman,United States,NORTH AMERICA,MWO-225-MFW,MWO-MAIN,MWO for MIC/PCB; 12M Maint/Floating,000-2301-00,AWR,7,5022.00,0.00,35154.00,Normal
Invoice,6429MD(2),5/19/2010,,673,Northrop Grumman,United States,NORTH AMERICA,MWO-129-MFW,,MWO-229 licenses will be provided until AWR provides a new part number for MWO-129. RID#15458,000-2301-00,,4,5022.00,0.00,20088.00,Normal
Invoice,6429MD(2),5/19/2010,,673,Northrop Grumman,United States,NORTH AMERICA,MWO-228-MFW,MWO-MAIN,"MWO for MMIC; 12M Maint/Floating/RID#8366,#15456",000-2301-00,AWR,5,6696.00,0.00,33480.00,Normal
Invoice,6429MD(2),5/19/2010,,673,Northrop Grumman,United States,NORTH AMERICA,VSS-350-MFW,VSS-MAIN,VSS for Wireless Communication Standards; 12M Maint/Floating/,000-2301-00,AWR,3,4464.00,0.00,13392.00,Normal
Invoice,6429MD(2),5/19/2010,,673,Northrop Grumman,United States,NORTH AMERICA,XEM-100-MFW,XEM-MAIN,AXIEM FS: 3D Planar EM - Direct & Fast Solver; 12M Maint/Floating/RID#15457,000-2301-00,AWR,2,5022.00,0.00,10044.00,Normal
Invoice,6429MD(2),5/19/2010,,673,Northrop Grumman,United States,NORTH AMERICA,NOTE,MISC,2nd yr of a 3yr maintenance contract,300-4000-00,AWR,1,0.00,0.00,0.00,Normal
Invoice,6170TD(3)A,5/20/2010,,9622,Cobham M/A-COM,United States,NORTH AMERICA,MWO-225-TFW,MWO-TERM,MWO for MIC/PCB; Term/Floating/Win,000-2300-00,AWR,2,1500.00,0.00,3000.00,Normal
Invoice,6170TD(3)A,5/20/2010,,9622,Cobham M/A-COM,United States,NORTH AMERICA,VSS-250-TFW,VSS-TERM,VSS for Communication Signals; Term/Floating/Win,000-2300-00,AWR,2,1470.00,0.00,2940.00,Normal
Invoice,4945TI-3C,5/21/2010,7396,7125,Micreo Limited,Australia,AUSTRALIA,MWO-225-TFW,MWO-TERM,MWO for MIC/PCB; Term/Floating/Win,000-2300-00,RES20,1,5824.00,0.00,5824.00,Normal
Invoice,7106TD,5/21/2010,,10231,Daghighian Consulting,United States,NORTH AMERICA,MWO-225-TLW,MWO-TERM,MWO for MIC/PCB; Term/Locked/Win RID#18006,000-2300-00,AWR,1,6100.00,0.00,6100.00,Normal
Invoice,7124MI,5/21/2010,2343,412,Milmega Ltd.,United Kingdom,EUROPE,MWO-105-MLW,MWO-MAIN,MWO Linear: Layout; 12M Maint/Locked RID#10010294,000-2301-00,EUR,1,1992.51,0.00,1992.51,Normal
Invoice,7124MI,5/21/2010,2343,412,Milmega Ltd.,United Kingdom,EUROPE,MWO-225-MLW,MWO-MAIN,MWO for MIC/PCB; 12M Maint/Locked RID#3820,000-2301-00,EUR,1,4598.10,0.00,4598.10,Normal
Invoice,7125MI,5/21/2010,6763,2176,Thales Alenia Space - Toulouse,FRANCE,EUROPE,MWO-228-MFW,MWO-MAIN,MWO for MMIC; 12M Maint/Floating/Win RID#4531,000-2301-00,EUR,3,8335.90,0.00,25007.70,Normal
Invoice,7125MI,5/21/2010,6763,2176,Thales Alenia Space - Toulouse,FRANCE,EUROPE,WIZ-100-MFW,WIZ-MAIN,Library Development Wizard; 12M Maint/Floating/Win RID#10040079,000-2301-00,EUR,1,6991.40,0.00,6991.40,Normal
Invoice,7125MI,5/21/2010,6763,2176,Thales Alenia Space - Toulouse,FRANCE,EUROPE,MWO-100-MLW,MWO-MAIN,MWO Linear; 12M Maint/Locked/Win,000-2301-00,EUR,6,1075.60,0.00,6453.60,Normal
Invoice,7126MI,5/21/2010,957,191,SyES s.r.l.,Italy,EUROPE,MWO-225-MLW,MWO-MAIN,MWO for MIC/PCB; 12M Maint/Locked RID#1027,000-2301-00,RES30,1,3294.03,0.00,3294.03,Normal
Invoice,7127TI(1),5/21/2010,8930,10240-KK,TDK-EPC Corporation,Japan,ASIA,NOTE,MISC,1st yr of a 3yr term to be billed yearly,300-4000-00,JAP,1,0.00,0.00,0.00,Normal
Invoice,7127TI(1),5/21/2010,8930,10240-KK,TDK-EPC Corporation,Japan,ASIA,APL-001-TFM,APL-TERM,Analog Design Tool; Term/Floating/MP RID#17984,000-2300-00,JAP,1,5777.87,1040.02,4737.86,Normal
Invoice,7127TI(1),5/21/2010,8930,10240-KK,TDK-EPC Corporation,Japan,ASIA,APL-002-TFM,APL-TERM,RF Elements and Improved HB & Transient Analyzers; Term/Floating/MP RID#17985,000-2300-00,JAP,1,2888.94,514.23,2374.71,Normal
Invoice,7129TD,5/21/2010,,10010105,Government of Israel Ministry of Defense,United States,EUROPE,MWO-228-TFW,MWO-TERM,MWO for MMIC; Term/Floating/Win RID#16587,000-2300-00,AWR,3,21600.00,4800.00,50400.00,Normal
Invoice,7129TD,5/21/2010,,10010105,Government of Israel Ministry of Defense,United States,EUROPE,VSS-250-TFW,VSS-TERM,VSS for Communication Signals; Term/Floating/RID#16588,000-2300-00,AWR,1,10800.00,2400.00,8400.00,Normal
Invoice,7129TD,5/21/2010,,10010105,Government of Israel Ministry of Defense,United States,EUROPE,XEM-100-TFW,XEM-TERM,AXIEM FS: 3D Planar EM - Direct & Fast Solver; Term/Floating/RID#16589,000-2300-00,AWR,1,16200.00,3600.00,12600.00,Normal
Invoice,7130CI,5/21/2010,9451,10243,Huawei Device Co. Ltd,CHINA,ASIA,MWO-125-PFW,MWO-PURC,"MWO Linear: EMSight, Layout; Purchase/Floating RID#18005",300-4015-00,RES40,1,19968.00,6852.00,13116.00,Normal
Invoice,7130CI,5/21/2010,9451,10243,Huawei Device Co. Ltd,CHINA,ASIA,MWO-125-MFW,MWO-MAIN,"MWO Linear: EMSight, Layout; 12M Maint/Floating/Win",000-2301-00,RES40,1,2820.00,0.00,2820.00,Normal
Invoice,7131MD,5/21/2010,,8865,Advanced Control Components,United States,NORTH AMERICA,FIL-100-MFW,FIL-MAIN,Nuhertz Filter Synthesis; 12M Maint/Floating RID#9637,000-2301-00,AWR,3,1500.00,0.00,4500.00,Normal
Invoice,7131MD,5/21/2010,,8865,Advanced Control Components,United States,NORTH AMERICA,MWO-226-MFW,MWO-MAIN,MWO for MIC/PCB & Signal Integrity; 12M Maint/Floating RID#8741,000-2301-00,AWR,2,5700.00,0.00,11400.00,Normal
Invoice,7131MD,5/21/2010,,8865,Advanced Control Components,United States,NORTH AMERICA,MWO-228-MFW,MWO-MAIN,MWO for MMIC; 12M Maint/Floating RID#10309,000-2301-00,AWR,1,7200.00,0.00,7200.00,Normal
Invoice,7132MD,5/21/2010,,5399,Arcom,United States,NORTH AMERICA,XEM-100-MLW,XEM-MAIN,AXIEM FS: 3D Planar EM - Direct & Fast Solver; 12M Maint/Locked RID#16122,000-2301-00,AWR,1,4100.00,0.00,4100.00,Normal
Invoice,7133MD,5/21/2010,,7957,AR rf/microwave instrumentation,United States,NORTH AMERICA,MWO-226-MLW,MWO-MAIN,MWO for MIC/PCB & Signal Integrity; 12M Maint/Locked/RID#6942,000-2301-00,AWR,1,4300.00,0.00,4300.00,Normal
Invoice,7134MD,5/21/2010,,2982,Research In Motion Limited,CANADA,NORTH AMERICA,MWO-100-MLW,MWO-MAIN,MWO Linear; 12M Maint/Locked/RID#3755,000-2301-00,AWR,1,900.00,0.00,900.00,Normal
Invoice,6443TI(2),5/25/2010,2343,9459,Cambridge Consultants Ltd.,United Kingdom,EUROPE,MWO-225-TFW,MWO-TERM,MWO for MIC/PCB; Term/Floating/Win RID#16115,000-2300-00,INT,1,13947.57,1394.76,12552.81,Normal
Invoice,6443TI(2),5/25/2010,2343,9459,Cambridge Consultants Ltd.,United Kingdom,EUROPE,VSS-250-TFW,VSS-TERM,VSS for Communication Signals; Term/Floating/Win RID#16116,000-2300-00,INT,1,9349.47,934.95,8414.52,Normal
Invoice,6443TI(2),5/25/2010,2343,9459,Cambridge Consultants Ltd.,United Kingdom,EUROPE,NOTE,MISC,2nd yr of a 3yr term to be billed yearly,300-4000-00,INT,1,0.00,0.00,0.00,Normal
Invoice,7135CD(1)A,5/25/2010,,9163,Luxim Corporation,United States,NORTH AMERICA,NOTE,MISC,1st quarterly payment for yr 1 of a 3yr contract,300-4000-00,AWR,1,0.00,0.00,0.00,Normal
Invoice,7135CD(1)A,5/25/2010,,9163,Luxim Corporation,United States,NORTH AMERICA,MWO-200-PFW,MWO-PURC,MWO NonLinear: HB; Purchase/Floating RID#18011,300-4015-00,AWR,1,6000.00,2362.50,3637.50,Normal
Invoice,7135CD(1)A,5/25/2010,,9163,Luxim Corporation,United States,NORTH AMERICA,MWO-200-MFW,MWO-MAIN,MWO NonLinear: HB; 12M Maint/Floating/Win,000-2301-00,AWR,1,837.00,0.00,837.00,Normal
Invoice,7135TD,5/25/2010,,7732,Bob Allison,United States,NORTH AMERICA,MWO-228-TLW,MWO-TERM,MWO for MMIC; Term/Locked/Win RID#18010,000-2300-00,AWR,1,10800.00,0.00,10800.00,Normal
Invoice,7135TD,5/25/2010,,7732,Bob Allison,United States,NORTH AMERICA,NOTE,MISC,PAYMENT PLAN,300-4000-00,AWR,1,0.00,0.00,0.00,Normal
Invoice,6445TI-2A,5/26/2010,7396,10041,Sapphicon Semiconductor,AUSTRALIA,AUSTRALIA,DRC-100-TFW,DRC-TERM,AWR Precision DRC Engine; Term/Floating RID#16119,000-2300-00,RES20,1,5300.00,1325.00,3975.00,Normal
Invoice,6445TI-2A,5/26/2010,7396,10041,Sapphicon Semiconductor,AUSTRALIA,AUSTRALIA,HSP-100-TFW,HSP-TERM,Synopsys HSPICE and Simulation Interface; Term/Floating RID#16120,000-2300-00,RES20,1,2240.00,560.00,1680.00,Normal
Invoice,6445TI-2A,5/26/2010,7396,10041,Sapphicon Semiconductor,AUSTRALIA,AUSTRALIA,NOTE,MISC,2nd yr in a 3yr term with quarterly payments,300-4000-00,RES20,1,0.00,0.00,0.00,Normal
Invoice,7086TI-2A,5/26/2010,7396,10041,Sapphicon Semiconductor,AUSTRALIA,AUSTRALIA,ANO-449-TFW,ANO-TERM,ANO for RFIC; Term/Floating/Win RID#17783,000-2300-00,RES20,1,11200.00,2800.00,8400.00,Normal
Invoice,7086TI-2A,5/26/2010,7396,10041,Sapphicon Semiconductor,AUSTRALIA,AUSTRALIA,ANO-449-TFW,ANO-TERM,ANO for RFIC; Term/Floating/Win RID#17783,000-2300-00,RES20,1,11200.00,5600.00,5600.00,Normal
Invoice,7086TI-2A,5/26/2010,7396,10041,Sapphicon Semiconductor,AUSTRALIA,AUSTRALIA,NOTE,MISC,2nd quarterly payment in a 2yr 3mn term commitment,300-4000-00,RES20,1,0.00,0.00,0.00,Normal
Invoice,7087TI-2A,5/26/2010,7396,10041,Sapphicon Semiconductor,AUSTRALIA,AUSTRALIA,ANO-449-TFW,ANO-TERM,ANO for RFIC; Term/Floating/Win RID#17784,000-2300-00,RES20,1,11200.00,2800.00,8400.00,Normal
Invoice,7087TI-2A,5/26/2010,7396,10041,Sapphicon Semiconductor,AUSTRALIA,AUSTRALIA,NOTE,MISC,2nd quarterly payment of a 2yr 3mn term commitment,300-4000-00,RES20,1,0.00,0.00,0.00,Normal
Invoice,7128TMI-1,5/26/2010,8930,10010072-KK,Mitsubishi Electric Corporation,Japan,ASIA,NOTE,MISC,1st payment of 2,300-4000-00,JAP,1,0.00,0.00,0.00,Normal
Invoice,7128TMI-1,5/26/2010,8930,10010072-KK,Mitsubishi Electric Corporation,Japan,ASIA,MWO-225-TLW,MWO-TERM,MWO for MIC/PCB; Term/Locked/RID#18016,000-2300-00,JAP,1,9308.80,0.00,9308.80,Normal
Invoice,7128TMI-1,5/26/2010,8930,10010072-KK,Mitsubishi Electric Corporation,Japan,ASIA,XEM-050-MLW,XEM-MAIN,AXIEM DS: 3D Planar EM - Direct Solver; 12M Maint/Locked/RID#16770,000-2301-00,JAP,1,2246.95,0.00,2246.95,Normal
Invoice,7138MI,5/26/2010,8930,5043-KK,Fujitsu Laboratories,Japan,ASIA,MWO-225-MLW,MWO-MAIN,MWO for MIC/PCB; 12M Maint/Locked/Win,000-2301-00,JAP,1,7489.84,855.98,6633.85,Normal
Invoice,7137TD(1),5/27/2010,,1793,"Herley Industries, Inc.",United States,NORTH AMERICA,NOTE,MISC,3 year term to be billed yearly,300-4000-00,AWR,1,0.00,0.00,0.00,Normal
Invoice,7137TD(1),5/27/2010,,1793,"Herley Industries, Inc.",United States,NORTH AMERICA,MWO-226-TFW,MWO-TERM,MWO for MIC/PCB & Signal Integrity; Term/Floating/RID#18020,000-2300-00,AWR,2,13300.00,1330.00,23940.00,Normal
Invoice,7137TD(1),5/27/2010,,1793,"Herley Industries, Inc.",United States,NORTH AMERICA,XEM-100-TFW,XEM-TERM,AXIEM FS: 3D Planar EM - Direct & Fast Solver; Term/Floating/RID#18021,000-2300-00,AWR,1,12600.00,1260.00,11340.00,Normal
Invoice,7137TD(1),5/27/2010,,1793,"Herley Industries, Inc.",United States,NORTH AMERICA,FIL-300-TFW,FIL-TERM,AWR iFilter - Advanced Synthesis Solution; Term/FloatingRID#18022,000-2300-00,AWR,2,4700.00,470.00,8460.00,Normal
Invoice,7139CD-1,5/27/2010,,10251,Randolph Beebe Engineering LLC,United States,NORTH AMERICA,NOTE,MISC,1st invoice of 4 to be billed quarterly re quote#13432,300-4000-00,AWR,1,0.00,0.00,0.00,Normal
Invoice,7139CD-1,5/27/2010,,10251,Randolph Beebe Engineering LLC,United States,NORTH AMERICA,MWO-246-PLW,MWO-PURC,MWO for MIC/PCB & Signal Integrity; Purchase/Locked/RID#18018,300-4015-00,AWR,1,5250.00,0.00,5250.00,Normal
Invoice,7139CD-1,5/27/2010,,10251,Randolph Beebe Engineering LLC,United States,NORTH AMERICA,MWO-246-MLW,MWO-MAIN,MWO for MIC/PCB & Signal Integrity; Maint/Locked/Win,000-2301-00,AWR,1,1575.00,0.00,1575.00,Normal
Invoice,7139CD-1,5/27/2010,,10251,Randolph Beebe Engineering LLC,United States,NORTH AMERICA,HWK-200,HWK-PURC,USB Hardware Key,300-4000-00,AWR,1,50.00,25.00,25.00,Normal
Invoice,7140TDI-1,5/27/2010,,541,RFMD,United States,NORTH AMERICA,NOTE,MISC,3yr term to be billed quarterly over 3 years,300-4000-00,AWR,1,0.00,0.00,0.00,Normal
Invoice,7140TDI-1,5/27/2010,,541,RFMD,United States,NORTH AMERICA,MWO-228-T0W,MWO-TERM,MWO for MMIC; Term/WAN WW/RID#18024,000-2300-00,AWR,6,7560.00,2520.00,30240.00,Normal
Invoice,7140TDI-1,5/27/2010,,541,RFMD,United States,NORTH AMERICA,MWO-228-T4W,MWO-TERM,MWO for MMIC; Term/WAN 4 TZ/RID#18023,000-2300-00,AWR,4,5880.00,2520.00,13440.00,Normal
Invoice,7140TDI-1,5/27/2010,,541,RFMD,United States,NORTH AMERICA,XEM-100-T4W,XEM-TERM,AXIEM FS: 3D Planar EM - Direct & Fast Solver; Term/WAN 4 TZ/RID#18025,000-2300-00,AWR,2,4410.00,1890.00,5040.00,Normal
Invoice,7141MI,5/27/2010,7396,5950,Trio DataCom Pty. Ltd.,Australia,AUSTRALIA,MWO-200-MLW,MWO-MAIN,MWO NonLinear: HB; 12M Maint/Locked RID#5628,000-2301-00,RES20,1,2880.00,0.00,2880.00,Normal
Invoice,7141MI,5/27/2010,7396,5950,Trio DataCom Pty. Ltd.,Australia,AUSTRALIA,MWO-225-MLW,MWO-MAIN,MWO for MIC/PCB; 12M Maint/Locked RID#5627,000-2301-00,RES20,1,3920.00,0.00,3920.00,Normal
Invoice,7142TI,5/27/2010,8930,10252-KK,Fujitsu Laboratories Ltd,Japan,ASIA,MWO-100-TFW,MWO-TERM,MWO Linear; Term/Floating/Win RID#18028,000-2300-00,JAP,2,5563.88,0.00,11127.76,Normal
Invoice,7142TI,5/27/2010,8930,10252-KK,Fujitsu Laboratories Ltd,Japan,ASIA,HSP-100-TFW,HSP-TERM,Synopsys HSPICE and Simulation Interface; Term/Floating/RID#18029,000-2300-00,JAP,2,16477.64,0.00,32955.27,Normal
Invoice,5700TI-3,5/31/2010,6763,9498,THOMSON,France,EUROPE,MWO-225-TFW,MWO-TERM,MWO for MIC/PCB; Term/Floating/Win,000-2300-00,INT,1,16940.70,3388.14,13552.56,Normal
Invoice,5700TI-3,5/31/2010,6763,9498,THOMSON,France,EUROPE,VSS-350-TFW,VSS-TERM,VSS for Wireless Communication Standards; Term/Floating/Win,000-2300-00,INT,1,15058.40,7529.20,7529.20,Normal
Invoice,6400TD(2),5/31/2010,,1944,Lucix,United States,NORTH AMERICA,MWO-225-TFW,MWO-TERM,MWO for MIC/PCB; Term/Floating/Win RID #15998,000-2300-00,AWR,1,12600.00,1890.00,10710.00,Normal
Invoice,6400TD(2),5/31/2010,,1944,Lucix,United States,NORTH AMERICA,APL-100-TFW,APL-TERM,APLAC Time-Domain Simulator; Term/Floating/Win RID #15999,000-2300-00,AWR,1,5600.00,840.00,4760.00,Normal
Invoice,6400TD(2),5/31/2010,,1944,Lucix,United States,NORTH AMERICA,NOTE,MISC,2nd year in a 3 year term commitment to be billed yearly,300-4000-00,AWR,1,0.00,0.00,0.00,Normal
Invoice,5033CI(3)D,6/1/2010,,2232,Transystems Inc.,Taiwan,ASIA,MWO-105-MLW,MWO-MAIN,MWO Linear & Layout; 12M Maint/Locked/Win,000-2301-00,INT,2,585.00,0.00,1170.00,Normal
Invoice,5033CI(3)D,6/1/2010,,2232,Transystems Inc.,Taiwan,ASIA,MWO-205-MLW,MWO-MAIN,MWO NonLinear & Layout; 12M Maint/Locked/Win,000-2301-00,INT,3,1170.00,0.00,3510.00,Normal
Invoice,5033CI(3)D,6/1/2010,,2232,Transystems Inc.,Taiwan,ASIA,MWO-225-MLW,MWO-MAIN,MWO for MIC/PCB; 12M Maint/Locked/Win,000-2301-00,INT,1,1316.25,0.00,1316.25,Normal
Invoice,5905TD-8,6/1/2010,9022,2053,Andrew Amplifiers BSSG,United States,EUROPE,MWO-225-T0W,MWO-TERM,MWO for MIC/PCB; Term/WAN WW/Win,000-2300-00,AWR,14,5670.00,3677.81,27890.66,Normal
Invoice,5905TD-8,6/1/2010,9022,2053,Andrew Amplifiers BSSG,United States,EUROPE,VSS-350-T0W,VSS-TERM,VSS for Wireless Communication Standards; Term/WAN WW/Win,000-2300-00,AWR,6,5040.00,3269.17,10624.98,Normal
Invoice,5905TD-8,6/1/2010,9022,2053,Andrew Amplifiers BSSG,United States,EUROPE,XEM-100-T0W,XEM-TERM,AXIEM FS: 3D Planar EM - Direct & Fast Solver; Term/WAN WW/Win,000-2300-00,AWR,2,5670.00,3677.82,3984.36,Normal
Invoice,5975TMD-7,6/1/2010,,665,TriQuint Semiconductor Inc. - COM,United States,NORTH AMERICA,MWO-100-MFW,MWO-MAIN,MWO Linear; 12M Maint/Floating/Win,000-2301-00,AWR,4,300.00,15.00,1140.00,Normal
Invoice,5975TMD-7,6/1/2010,,665,TriQuint Semiconductor Inc. - COM,United States,NORTH AMERICA,MWO-200-MFW,MWO-MAIN,MWO NonLinear; 12M Maint/Floating/Win,000-2301-00,AWR,3,900.00,45.00,2565.00,Normal
Invoice,5975TMD-7,6/1/2010,,665,TriQuint Semiconductor Inc. - COM,United States,NORTH AMERICA,MWO-228-MFW,MWO-MAIN,MWO for MMIC; 12M Maint/Floating/Win,000-2301-00,AWR,7,1800.00,90.00,11970.00,Normal
Invoice,5975TMD-7,6/1/2010,,665,TriQuint Semiconductor Inc. - COM,United States,NORTH AMERICA,MWO-229-MFW,MWO-MAIN,MWO for MMIC & Modules; 12M Maint/Floating/Win,000-2301-00,AWR,9,2250.00,112.50,19237.50,Normal
Invoice,5975TMD-7,6/1/2010,,665,TriQuint Semiconductor Inc. - COM,United States,NORTH AMERICA,APL-200-TFW,APL-TERM,APLAC Time-Domain & HB Advanced; Term/Floating/Win,000-2300-00,AWR,8,3000.00,990.00,16080.00,Normal
Invoice,5975TMD-7,6/1/2010,,665,TriQuint Semiconductor Inc. - COM,United States,NORTH AMERICA,APL-200-TLW,APL-TERM,APLAC Time-Domain & HB Advanced; Term/Locked/Win,000-2300-00,AWR,10,2250.00,742.50,15075.00,Normal
Invoice,5975TMD-7,6/1/2010,,665,TriQuint Semiconductor Inc. - COM,United States,NORTH AMERICA,MWO-100-TFW,MWO-TERM,MWO Linear; Term/Floating/Win,000-2300-00,AWR,3,800.00,264.00,1608.00,Normal
Invoice,5975TMD-7,6/1/2010,,665,TriQuint Semiconductor Inc. - COM,United States,NORTH AMERICA,MWO-125-TFW,MWO-TERM,"MWO Linear, EMSight, & Layout; Term/Floating/Win",000-2300-00,AWR,21,2400.00,792.00,33768.00,Normal
Invoice,5975TMD-7,6/1/2010,,665,TriQuint Semiconductor Inc. - COM,United States,NORTH AMERICA,MWO-200-TFW,MWO-TERM,MWO NonLinear; Term/Floating/Win,000-2300-00,AWR,1,2400.00,792.00,1608.00,Normal
Invoice,5975TMD-7,6/1/2010,,665,TriQuint Semiconductor Inc. - COM,United States,NORTH AMERICA,MWO-228-TFW,MWO-TERM,MWO for MMIC; Term/Floating/Win,000-2300-00,AWR,6,4800.00,1584.00,19296.00,Normal
Invoice,5975TMD-7,6/1/2010,,665,TriQuint Semiconductor Inc. - COM,United States,NORTH AMERICA,MWO-229-TFW,MWO-TERM,MWO for MMIC & Modules; Term/Floating/Win,000-2300-00,AWR,12,6000.00,1980.00,48240.00,Normal
Invoice,5975TMD-7,6/1/2010,,665,TriQuint Semiconductor Inc. - COM,United States,NORTH AMERICA,MWO-229-TLW,MWO-TERM,MWO for MMIC & Modules; Term/Locked/Win,000-2300-00,AWR,10,4500.00,1485.00,30150.00,Normal
Invoice,5975TMD-7,6/1/2010,,665,TriQuint Semiconductor Inc. - COM,United States,NORTH AMERICA,VSS-250-TFW,VSS-TERM,VSS for Communication Signals; Term/Floating/Win,000-2300-00,AWR,1,2400.00,792.00,1608.00,Normal
Invoice,5975TMD-7,6/1/2010,,665,TriQuint Semiconductor Inc. - COM,United States,NORTH AMERICA,VSS-350-TFW,VSS-TERM,VSS for Wireless Communication Standards; Term/Floating/Win,000-2300-00,AWR,8,3200.00,1056.00,17152.00,Normal
Invoice,5975TMD-7,6/1/2010,,665,TriQuint Semiconductor Inc. - COM,United States,NORTH AMERICA,WIZ-100-TFW,WIZ-TERM,Library Development Wizard; Term/Floating/Win,000-2300-00,AWR,2,4000.00,1320.00,5360.00,Normal
Invoice,5975TMD-7,6/1/2010,,665,TriQuint Semiconductor Inc. - COM,United States,NORTH AMERICA,XEM-100-TFW,XEM-TERM,AXIEM FS: 3D Planar EM - Direct & Fast Solver; Term/Floating/Win,000-2300-00,AWR,4,3600.00,1188.00,9648.00,Normal
Invoice,6172TI(2)B,6/1/2010,1450,5946,VXL Technologies,India,ASIA,MWO-225-TLW,MWO-TERM,MWO for MIC/PCB; Term/Locked/Win,000-2300-00,RES40,1,2016.00,384.00,1632.00,Normal
Invoice,6441TD(2),6/1/2010,,8979,DataSoft,United States,NORTH AMERICA,MWO-225-TFW,MWO-TERM,MWO for MIC/PCB; Term/Floating/Win RID #16105,000-2300-00,AWR,1,12600.00,2520.00,10080.00,Normal
Invoice,6441TD(2),6/1/2010,,8979,DataSoft,United States,NORTH AMERICA,APL-100-TFW,APL-TERM,APLAC Time-Domain Simulator; Term/Floating/Win RID#16106,000-2300-00,AWR,1,5600.00,1120.00,4480.00,Normal
Invoice,6441TD(2),6/1/2010,,8979,DataSoft,United States,NORTH AMERICA,VSS-250-TFW,VSS-TERM,VSS for Communication Signals; Term/Floating/Win RID#16107,000-2300-00,AWR,1,8400.00,1680.00,6720.00,Normal
Invoice,6441TD(2),6/1/2010,,8979,DataSoft,United States,NORTH AMERICA,FIL-100-TFW,FIL-TERM,Nuhertz Filter Synthesis; Term/Floating/Win RID#16108,000-2300-00,AWR,1,3500.00,700.00,2800.00,Normal
Invoice,6441TD(2),6/1/2010,,8979,DataSoft,United States,NORTH AMERICA,NOTE,MISC,3yr non cancellable term contract re quote 11196 to be billed yearly,300-4000-00,AWR,0,0.00,0.00,0.00,Normal
Invoice,6469TI-5,6/1/2010,2343,10038,Amplifier Technology,United Kingdom,EUROPE,MWO-225-TLW,MWO-TERM,MWO for MIC/PCB; Term/Locked/Win RID #16162,000-2300-00,INT,2,2536.96,0.00,5073.92,Normal
Invoice,6469TI-5,6/1/2010,2343,10038,Amplifier Technology,United Kingdom,EUROPE,NOTE,MISC,3yr term with quarterly payments each yr,300-4000-00,INT,0,0.00,0.00,0.00,Normal
Invoice,6621CI-4,6/1/2010,9479,10079,RF Dynamics,ISRAEL,EUROPE,MWO-205-PFW,MWO-PURC,MWO NonLinear & Layout; Purchase/Floating/Win,300-4015-00,RES25,1,7200.00,4162.50,3037.50,Normal
Invoice,6621CI-4,6/1/2010,9479,10079,RF Dynamics,ISRAEL,EUROPE,MWO-205-MFW,MWO-MAIN,MWO NonLinear & Layout; 12M Maint/Floating/Win,000-2301-00,RES25,1,1087.50,0.00,1087.50,Normal
Invoice,6621CI-4,6/1/2010,9479,10079,RF Dynamics,ISRAEL,EUROPE,NOTE,MISC,Quarterly payment plan - Payment schedule:,300-4000-00,RES25,0,0.00,0.00,0.00,Normal
Invoice,6656TD-4,6/1/2010,,8957,Nitronex Corporation,United States,NORTH AMERICA,MWO-225-TLW,MWO-TERM,MWO for MIC/PCB; Term/Locked/Win RID#16613,000-2300-00,AWR,2,2375.00,475.00,3800.00,Normal
Invoice,6656TD-4,6/1/2010,,8957,Nitronex Corporation,United States,NORTH AMERICA,MWO-225-TFW,MWO-TERM,MWO for MIC/PCB; Term/Floating/Win RID#16612,000-2300-00,AWR,1,3150.00,630.00,2520.00,Normal
Invoice,6656TD-4,6/1/2010,,8957,Nitronex Corporation,United States,NORTH AMERICA,XEM-100-TFW,XEM-TERM,AXIEM FS: 3D Planar EM - Direct & Fast Solver; Term/Floating/Win RID#16614,000-2300-00,AWR,1,3150.00,1837.50,1312.50,Normal
Invoice,6656TD-4,6/1/2010,,8957,Nitronex Corporation,United States,NORTH AMERICA,NOTE,MISC,3yr non cancellable term contract to be billed quarterly over 3yrs,300-4000-00,AWR,0,0.00,0.00,0.00,Normal
Invoice,6796TD-P3,6/1/2010,,10076,Rayspan,United States,NORTH AMERICA,MWO-229-TLW,MWO-TERM,MWO for MMIC & Modules; Term/Locked/Win RID17080,000-2300-00,AWR,1,4500.00,675.00,3825.00,Normal
Invoice,6796TD-P3,6/1/2010,,10076,Rayspan,United States,NORTH AMERICA,MWO-229-MLW,MWO-MAIN,MWO for MMIC & Modules; 12M Maint/Locked/Win,000-2301-00,AWR,1,1700.00,0.00,1700.00,Normal
Invoice,6796TD-P3,6/1/2010,,10076,Rayspan,United States,NORTH AMERICA,VSS-350-TLW,VSS-TERM,VSS for Wireless Communication Standards; Term/Locked/Win RID#17081,000-2300-00,AWR,1,2400.00,360.00,2040.00,Normal
Invoice,6796TD-P3,6/1/2010,,10076,Rayspan,United States,NORTH AMERICA,VSS-350-MLW,VSS-MAIN,VSS for Wireless Communication Standards; 12M Maint/Locked/Win,000-2301-00,AWR,1,900.00,0.00,900.00,Normal
Invoice,6796TD-P3,6/1/2010,,10076,Rayspan,United States,NORTH AMERICA,NOTE,MISC,2yr term to be paid quarterly. Will revert to perpetual after final payment,300-4000-00,AWR,0,0.00,0.00,0.00,Normal
Invoice,6428TI(2),6/3/2010,,3634,Hittite Microwave Corporation,United States,NORTH AMERICA,MWO-228-TLW,MWO-TERM,MWO for MMIC; Term/Locked/Win RID #16064,000-2300-00,AWR,1,14400.00,2160.00,12240.00,Normal
Invoice,6428TI(2),6/3/2010,,3634,Hittite Microwave Corporation,United States,NORTH AMERICA,NOTE,MISC,2yr in a 2yr non-cancellable term contract,300-4000-00,AWR,0,0.00,0.00,0.00,Normal
Invoice,7143CD,6/4/2010,,10260,"The Phoenix Company of Chicago, Inc.",United States,NORTH AMERICA,MWO-105-PLW,MWO-PURC,MWO Linear: Layout; Purchase/Locked/RID#18061,300-4015-00,AWR,1,12000.00,0.00,12000.00,Normal
Invoice,7143CD,6/4/2010,,10260,"The Phoenix Company of Chicago, Inc.",United States,NORTH AMERICA,MWO-105-MLW,MWO-MAIN,MWO Linear: Layout; 12M Maint/Locked/RID#18061,000-2301-00,AWR,1,1800.00,0.00,1800.00,Normal
Invoice,7143CD,6/4/2010,,10260,"The Phoenix Company of Chicago, Inc.",United States,NORTH AMERICA,HWK-200,HWK-PURC,Hardware Key - USB,300-4000-00,AWR,1,200.00,0.00,200.00,Normal
Invoice,7144TI,6/4/2010,2343,9001,LamhRoe Ltd.,United Kingdom,EUROPE,MWO-228-TLW,MWO-TERM,MWO for MMIC; Term/Locked/RID#18063,000-2300-00,EUR,2,8603.60,0.00,17207.19,Normal
Invoice,7145MD,6/4/2010,,259,Microsemi Corporation - RFIS,United States,NORTH AMERICA,MWO-100-MFW,MWO-MAIN,MWO Linear; 12M Maint/Floating/RID#16422,000-2301-00,AWR,1,1200.00,0.00,1200.00,Normal
Invoice,7145MD,6/4/2010,,259,Microsemi Corporation - RFIS,United States,NORTH AMERICA,MWO-226-M3W,MWO-MAIN,MWO for MIC/PCB & Signal Integrity; 12M Maint/WAN 3 TZ/RID#17829,000-2301-00,AWR,1,7500.00,0.00,7500.00,Normal
Invoice,7146UI,6/4/2010,1541,729,Universitat/ FH of Mittweida,Germany,EUROPE,MWO-449-UFW,MWO-UNIV,Microwave Office University 20-License Package RID#18068,300-4000-00,RES30,1,2100.00,1820.00,280.00,Normal
Invoice,7147CD,6/4/2010,,2798,"Teledyne Cougar, Inc.",United States,NORTH AMERICA,MWO-200-PLW,MWO-PURC,MWO NonLinear: HB; Purchase/Locked/RID#18076,300-4015-00,AWR,1,18000.00,2700.00,15300.00,Normal
Invoice,7147CD,6/4/2010,,2798,"Teledyne Cougar, Inc.",United States,NORTH AMERICA,MWO-200-MLW,MWO-MAIN,MWO NonLinear: HB; 2M Maint/Locked RID#18076,000-2301-00,AWR,1,700.00,0.00,700.00,Normal
Invoice,7147CD,6/4/2010,,2798,"Teledyne Cougar, Inc.",United States,NORTH AMERICA,HWK-200,HWK-PURC,Hardware Key - USB,300-4000-00,AWR,1,200.00,0.00,200.00,Normal
Invoice,7148SD,6/4/2010,,328,Jet Propulsion Laboratory,United States,NORTH AMERICA,TRN-300,TRN-TRAI,"3 Day Advanced MWO class in El Segundo, CA Jun 8-10",000-2302-00,AWR,1,1500.00,150.00,1350.00,Normal
Invoice,NC060110,6/4/2010,9562,10259-RSJ,Fukuoka Institute of Technology,Japan,ASIA,MWO-449-UFW,MWO-UNIV,Microwave Office University 20-License Package,300-4000-00,RES20,1,0.00,0.00,0.00,Normal
Invoice,5663TD-3,6/10/2010,,3634,Hittite Microwave Corporation,United States,NORTH AMERICA,MWO-228-TLW,MWO-TERM,MWO for MMIC; Term/Locked/Win,000-2300-00,AWR,1,12600.00,1890.00,10710.00,Normal
Invoice,7149CD-1,6/10/2010,,10262,Bluestem Consulting,United States,NORTH AMERICA,NOTE,MISC,Inv #1 of 4 to be billed quarterly,300-4000-00,AWR,0,0.00,0.00,0.00,Normal
Invoice,7149CD-1,6/10/2010,,10262,Bluestem Consulting,United States,NORTH AMERICA,MWO-246-PLW,MWO-PURC,MWO for MIC/PCB & Signal Integrity; Purchase/Locked/RID#18085,300-4015-00,AWR,1,5250.00,0.00,5250.00,Normal
Invoice,7149CD-1,6/10/2010,,10262,Bluestem Consulting,United States,NORTH AMERICA,MWO-246-MLW,MWO-MAIN,MWO for MIC/PCB & Signal Integrity; 3M Maint/Locked/RID#18085,000-2301-00,AWR,1,1575.00,0.00,1575.00,Normal
Invoice,7149CD-1,6/10/2010,,10262,Bluestem Consulting,United States,NORTH AMERICA,HWK-200,HWK-PURC,Hardware Key - USB,300-4000-00,AWR,1,50.00,25.00,25.00,Normal
Invoice,7150MI,6/10/2010,1582,4488,Omni-Pless,South Africa,AFRICA,MWO-200-MFW,MWO-MAIN,MWO NonLinear: HB; 12M Maint/Floating/RID#4895,000-2301-00,RES20,1,3520.00,0.00,3520.00,Normal
Invoice,7151MD,6/10/2010,,8873,Mustang Technology,United States,NORTH AMERICA,FIL-100-MFW,FIL-MAIN,Nuhertz Filter Synthesis; 12M Maint/Floating/RID#9644,000-2301-00,AWR,1,1500.00,0.00,1500.00,Normal
Invoice,7151MD,6/10/2010,,8873,Mustang Technology,United States,NORTH AMERICA,MWO-125-MFW,MWO-MAIN,"MWO Linear: EMSight, Layout; 12M Maint/Floating/RID#12206",000-2301-00,AWR,1,3600.00,0.00,3600.00,Normal
Invoice,7151MD,6/10/2010,,8873,Mustang Technology,United States,NORTH AMERICA,MWO-226-MFW,MWO-MAIN,MWO for MIC/PCB & Signal Integrity; 12M Maint/Floating/11658,000-2301-00,AWR,1,5700.00,0.00,5700.00,Normal
Invoice,7152TI,6/10/2010,2343,2105,SELEX Gallileo Ltd.,United Kingdom,EUROPE,PTD-100-TFW,PTD-TERM,PowerDRC/LVS; 1yr Term/Floating/Win RID#18087,000-2300-00,EUR,1,35885.08,3588.51,32296.57,Normal
Invoice,7153MI,6/10/2010,8930,1530-KK,"Mitsubishi Space Software Co., Ltd.",Japan,ASIA,MWO-228-MLW,MWO-MAIN,MWO for MMIC; 12M Maint/Locked/RID#3758,000-2301-00,JAP,1,10101.16,0.00,10101.16,Normal
Invoice,7153MI,6/10/2010,8930,1530-KK,"Mitsubishi Space Software Co., Ltd.",Japan,ASIA,VSS-250-MLW,VSS-MAIN,VSS for Communication Signals; 12M Maint/Locked/RID#6880,000-2301-00,JAP,1,5104.89,0.00,5104.89,Normal
Invoice,7153MI,6/10/2010,8930,1530-KK,"Mitsubishi Space Software Co., Ltd.",Japan,ASIA,XEM-050-MLW,XEM-MAIN,AXIEM DS: 3D Planar EM - Direct Solver; 12M Maint/Locked/RID#17255,000-2301-00,JAP,1,4561.81,0.00,4561.81,Normal
Invoice,7154SD,6/10/2010,,6220,TriQuint Semiconductor Inc.,United States,NORTH AMERICA,SERVICE FEE,,PDK Development for HBV-K48 Process,300-4300-00,,1,20000.00,0.00,20000.00,Normal
Invoice,6487TI(2),6/11/2010,2343,206,Cobham Technical Services ERA Technology,United Kingdom,EUROPE,VSS-250-TFW,VSS-TERM,VSS for Communication Signals; Term/Floating/Win,000-2300-00,INT,1,8971.27,0.00,8971.27,Normal
Invoice,6487TI(2),6/11/2010,2343,206,Cobham Technical Services ERA Technology,United Kingdom,EUROPE,NOTE,MISC,3yr term commitment to be billed yearly,300-4000-00,INT,0,0.00,0.00,0.00,Normal
Invoice,7155CI,6/11/2010,9174,10265,NETA Elektronik Cihazlar Sanayi ve Ticaret AS,Turkey,EUROPE,MWO-225-PLW,MWO-PURC,MWO for MIC/PCB; Purchase/Locked/RID#18094,300-4015-00,EUR,1,32400.00,4860.00,27540.00,Normal
Invoice,7155CI,6/11/2010,9174,10265,NETA Elektronik Cihazlar Sanayi ve Ticaret AS,Turkey,EUROPE,MWO-225-MLW,MWO-MAIN,MWO for MIC/PCB; 12M Maint/Locked/RID#18094,000-2301-00,EUR,1,4900.00,0.00,4900.00,Normal
Invoice,7155CI,6/11/2010,9174,10265,NETA Elektronik Cihazlar Sanayi ve Ticaret AS,Turkey,EUROPE,HWK-200,HWK-PURC,Hardware Key - USB,300-4000-00,EUR,1,300.00,300.00,0.00,Normal
Invoice,7156MI,6/11/2010,6763,7514,LeGrand,France,EUROPE,MWO-225-MLW,MWO-MAIN,MWO for MIC/PCB; 12M Maint/Locked/RID#6713,000-2301-00,EUR,2,4418.75,0.00,8837.50,Normal
Invoice,7156MI,6/11/2010,6763,7514,LeGrand,France,EUROPE,VSS-350-MLW,VSS-MAIN,VSS for Wireless Communication Standards; 12M Maint/Locked/RID#6714,000-2301-00,EUR,1,3913.75,0.00,3913.75,Normal
Invoice,7157MI,6/11/2010,7396,3921,CEA Technologies Inc,AUSTRALIA,AUSTRALIA,MWO-105-MFW,MWO-MAIN,MWO Linear: Layout; 12M Maint/Floating/RID#8860,000-2301-00,RES20,1,2320.00,0.00,2320.00,Normal
Invoice,7157MI,6/11/2010,7396,3921,CEA Technologies Inc,AUSTRALIA,AUSTRALIA,MWO-125-MFW,MWO-MAIN,"MWO Linear: EMSight, Layout; 12M Maint/Floating/RID#8861",000-2301-00,RES20,1,3520.00,0.00,3520.00,Normal
Invoice,7157MI,6/11/2010,7396,3921,CEA Technologies Inc,AUSTRALIA,AUSTRALIA,MWO-205-MFW,MWO-MAIN,"MWO NonLinear: HB, Layout; 12M Maint/Floating/RID#8862",000-2301-00,RES20,1,5120.00,0.00,5120.00,Normal
Invoice,7157MI,6/11/2010,7396,3921,CEA Technologies Inc,AUSTRALIA,AUSTRALIA,VSS-250-MFW,VSS-MAIN,VSS for Communication Signals; 12M Maint/Floating/RID#8863,000-2301-00,RES20,1,3520.00,0.00,3520.00,Normal
Invoice,7157MI,6/11/2010,7396,3921,CEA Technologies Inc,AUSTRALIA,AUSTRALIA,HSP-100-MFW,HSP-MAIN,Synopsys HSPICE and Simulation Interface; 12M Maint/Floating/RID#8864,000-2301-00,RES20,1,3520.00,0.00,3520.00,Normal
Invoice,6844TD-3,6/15/2010,,10121,"IO Semicoductor, Inc.",United States,NORTH AMERICA,ANO-449-TLW,ANO-TERM,ANO for RFIC; Term/Locked/Win RID#17203,000-2300-00,AWR,3,5250.00,1722.57,10582.29,Normal
Invoice,6844TD-3,6/15/2010,,10121,"IO Semicoductor, Inc.",United States,NORTH AMERICA,PTD-100-TFW,PTD-TERM,PowerDRC/LVS; Term/Floating/WIN RID#17206,000-2300-00,AWR,1,6575.00,2157.29,4417.71,Normal
Invoice,6844TD-3,6/15/2010,,10121,"IO Semicoductor, Inc.",United States,NORTH AMERICA,ADMIN FEE,MISC,Customized UMC PDK Development,000-2302-00,AWR,1,10000.00,0.00,10000.00,Normal
Invoice,6672CD-4,6/17/2010,,10097,"Base2 Engineering, LLC",United States,NORTH AMERICA,MWO-225-PLW,MWO-PURC,MWO for MIC/PCB; Purchase/Locked/Win RID#16651,300-4015-00,AWR,1,2250.00,225.00,2025.00,Normal
Invoice,6672CD-4,6/17/2010,,10097,"Base2 Engineering, LLC",United States,NORTH AMERICA,MWO-225-MLW,MWO-MAIN,MWO for MIC/PCB; 12M Maint/Locked/Win,000-2301-00,AWR,1,1025.00,0.00,1025.00,Normal
Invoice,6672CD-4,6/17/2010,,10097,"Base2 Engineering, LLC",United States,NORTH AMERICA,FIL-300-PLW,FIL-PURC,AWR iFilter - Advanced Synthesis Solution; Purchase/Locked/Win RID#16652,300-4000-00,AWR,1,833.33,83.33,750.00,Normal
Invoice,6672CD-4,6/17/2010,,10097,"Base2 Engineering, LLC",United States,NORTH AMERICA,FIL-300-MLW,FIL-MAIN,AWR iFilter - Advanced Synthesis Solution; 12M Maint/Locked/Win,000-2301-00,AWR,1,375.00,0.00,375.00,Normal
Invoice,6672CD-4,6/17/2010,,10097,"Base2 Engineering, LLC",United States,NORTH AMERICA,HWK-200,HWK-PURC,Hardware Key - USB,300-4000-00,AWR,1,16.67,0.00,16.67,Normal
Invoice,6672CD-4,6/17/2010,,10097,"Base2 Engineering, LLC",United States,NORTH AMERICA,NOTE,MISC,3yr contract with quarterly payments each year,300-4000-00,AWR,0,0.00,0.00,0.00,Normal
Invoice,7158UI,6/18/2010,8930,6209-KK,Tokyo University of Science,Japan,ASIA,MWO-449-UFW,MWO-UNIV,Microwave Office University 20-License Package,300-4000-00,JAP,1,3910.13,2715.36,1194.76,Normal
Invoice,7159MI,6/18/2010,8930,1757-KK,Miyoshi Electronics Corporation,Japan,ASIA,MWO-226-MFW,MWO-MAIN,MWO for MIC/PCB & Signal Integrity; 12M Maint/Floating/RID#1228,000-2301-00,JAP,1,10644.23,0.00,10644.23,Normal
Invoice,7159MI,6/18/2010,8930,1757-KK,Miyoshi Electronics Corporation,Japan,ASIA,MWO-226-MFW,MWO-MAIN,MWO for MIC/PCB & Signal Integrity; 12M Maint/Floating/RID#4984,000-2301-00,JAP,1,10644.23,0.00,10644.23,Normal
Invoice,7160UI,6/18/2010,8930,10031-KK,Shibaura Institute of Technology,Japan,ASIA,MWO-449-UFW,MWO-UNIV,Microwave Office University 20-License Package RID#18102,300-4000-00,JAP,1,4127.35,1960.49,2166.86,Normal
Invoice,7161MI,6/18/2010,1447,7918,Benchmark Electronics,NETHERLANDS,EUROPE,MWO-226-MFW,MWO-MAIN,MWO for MIC/PCB & Signal Integrity; 12M Maint/Floating/RID#6916,000-2301-00,RES20,1,4949.00,0.00,4949.00,Normal
Invoice,7162MD,6/18/2010,,3935,Canadian Space Agency,CANADA,NORTH AMERICA,APL-100-MFW,APL-MAIN,APLAC Time-Domain Simulator; 12M Maint/Floating/RID#12513,000-2301-00,AWR,1,2400.00,0.00,2400.00,Normal
Invoice,7162MD,6/18/2010,,3935,Canadian Space Agency,CANADA,NORTH AMERICA,MWO-228-MFW,MWO-MAIN,MWO for MMIC; 12M Maint/Floating/RID#5190 & #4448,000-2301-00,AWR,2,7200.00,0.00,14400.00,Normal
Invoice,7162MD,6/18/2010,,3935,Canadian Space Agency,CANADA,NORTH AMERICA,VSS-350-MFW,VSS-MAIN,VSS for Wireless Communication Standards; 12M Maint/Floating/RID#8302,000-2301-00,AWR,1,4800.00,0.00,4800.00,Normal
Invoice,7163MD,6/18/2010,,6318,Lorch Microwave,United States,NORTH AMERICA,MWO-226-MLW,MWO-MAIN,MWO for MIC/PCB & Signal Integrity; 12M Maint/Locked/RID#5836,000-2301-00,AWR,1,4300.00,0.00,4300.00,Normal
Invoice,7164TI,6/18/2010,2343,9987,Filtronic Broadband Ltd.,United Kingdom,EUROPE,VSS-350-TFW,VSS-TERM,VSS for Wireless Communication Standards; 9-Month Term/Floating/RID#18104,000-2300-00,EUR,1,11465.58,10730.23,735.35,Normal
Invoice,7165MD,6/18/2010,,5790,Harris Corporation,United States,NORTH AMERICA,MWO-226-MFW,MWO-MAIN,MWO for MIC/PCB & Signal Integrity; 12M Maint/Floating/RID#14016,000-2301-00,AWR,2,5700.00,0.00,11400.00,Normal
Invoice,7165MD,6/18/2010,,5790,Harris Corporation,United States,NORTH AMERICA,VSS-250-MFW,VSS-MAIN,VSS for Communication Signals; 12M Maint/Floating/RID#14015,000-2301-00,AWR,1,3600.00,0.00,3600.00,Normal
Invoice,7165MD,6/18/2010,,5790,Harris Corporation,United States,NORTH AMERICA,MWO-100-MFW,MWO-MAIN,MWO Linear; Maint/Floating/RID#16412,000-2301-00,AWR,2,953.38,0.00,1906.76,Normal
Invoice,7166MD,6/18/2010,,2864,Finisar Corporation,United States,NORTH AMERICA,MWO-226-MLW,MWO-MAIN,MWO for MIC/PCB & Signal Integrity; 12M Maint/Locked/RID#4088,000-2301-00,AWR,1,4300.00,0.00,4300.00,Normal
Invoice,7167MD-UP,6/18/2010,,9463,OnQ Technology,United States,NORTH AMERICA,BACK-MAIN,MISC,UPGRADE/Back maintenance on MWO-229-MLW RID#13908,300-4015-00,AWR,1,3400.00,0.00,3400.00,Normal
Invoice,7167MD-UP,6/18/2010,,9463,OnQ Technology,United States,NORTH AMERICA,MWO-229-MLW,MWO-MAIN,MWO for MMIC & Modules; 12M Maint/Locked/RID#13908,000-2301-00,AWR,1,3400.00,0.00,3400.00,Normal
Invoice,6464MD(2),6/25/2010,,3808,Qualcomm,United States,NORTH AMERICA,FIL-100-M3W,FIL-MAIN,Nuhertz Filter Synthesis; 12M Maint/WAN 3 TZ/Win,000-2301-00,AWR,1,2000.00,300.00,1700.00,Normal
Invoice,6464MD(2),6/25/2010,,3808,Qualcomm,United States,NORTH AMERICA,MWO-100-M3W,MWO-MAIN,MWO Linear; 12M Maint/WAN 3 TZ/Win,000-2301-00,AWR,2,1600.00,200.00,2800.00,Normal
Invoice,6464MD(2),6/25/2010,,3808,Qualcomm,United States,NORTH AMERICA,MWO-225-M3W,MWO-MAIN,MWO for MIC/PCB; 12M Maint/WAN 3 TZ/Win,000-2301-00,AWR,2,7100.00,1100.00,12000.00,Normal
Invoice,6464MD(2),6/25/2010,,3808,Qualcomm,United States,NORTH AMERICA,VSS-350-M3W,VSS-MAIN,VSS for Wireless Communication Standards; 12M Maint/WAN 3 TZ/Win,000-2301-00,AWR,3,6300.00,1000.00,15900.00,Normal
Invoice,6464MD(2),6/25/2010,,3808,Qualcomm,United States,NORTH AMERICA,NOTE,MISC,3yr non-cancellable maintenance contract to be billed yearly,300-4000-00,AWR,0,0.00,0.00,0.00,Normal
Invoice,7168MD,6/25/2010,,406,Mid-Atlantic RF Systems,United States,NORTH AMERICA,MWO-226-MLW,MWO-MAIN,MWO for MIC/PCB & Signal Integrity; 12M Maint/Locked/Win,000-2301-00,AWR,1,4300.00,0.00,4300.00,Normal
Invoice,7169SD,6/25/2010,827,478,Northrop Grumman,United States,EUROPE,TRN-100,TRN-TRAI,On-Site Training (Per Day - 5 Student Maximum),300-4300-00,AWR,3,2500.00,0.00,7500.00,Normal
Invoice,7169SD,6/25/2010,827,478,Northrop Grumman,United States,EUROPE,ADMIN FEE,MISC,"Travel expenses: Estimated travel expenses are a total of $1,313.00",300-4300-00,AWR,1,1313.00,0.00,1313.00,Normal
Invoice,7170MI,6/25/2010,1582,7300,Reutech Radar Systems Pty Ltd,South Africa,AFRICA,MWO-225-MLW,MWO-MAIN,MWO for MIC/PCB; 12M Maint/Locked,000-2301-00,RES20,1,3920.00,0.00,3920.00,Normal
Invoice,7172MI,6/25/2010,2343,3337,BSC Filters,United Kingdom,EUROPE,MWO-105-MFW,MWO-MAIN,MWO Linear: Layout; 12M Maint/Floating/RID#12214,000-2301-00,EUR,1,2647.26,0.00,2647.26,Normal
Invoice,7173MD,6/25/2010,,1861,ShortWave Ventures,United States,NORTH AMERICA,MWO-226-MLW,MWO-MAIN,MWO for MIC/PCB & Signal Integrity; 12M Maint/Locked/Win,000-2301-00,AWR,1,2150.00,0.00,2150.00,Normal
Invoice,7174MI,6/25/2010,957,10009,Sirio Microelettronica,Italy,EUROPE,MWO-125-MFW,MWO-MAIN,"MWO Linear: EMSight, Layout; 12M Maint/Floating/Win",000-2301-00,RES30,1,2739.63,0.00,2739.63,Normal
Invoice,7175MD,6/25/2010,,9085,Valleylab,United States,NORTH AMERICA,MWO-226-MFW,MWO-MAIN,MWO for MIC/PCB & Signal Integrity; 12M Maint/Floating/RID#14119,000-2301-00,AWR,1,5700.00,0.00,5700.00,Normal
Invoice,7175MD,6/25/2010,,9085,Valleylab,United States,NORTH AMERICA,ACE-100-MFW,ACE-MAIN,ACE - Automated Circuit Extraction Technology; 12M Maint/Floating/RID#17876,000-2301-00,AWR,1,1200.00,0.00,1200.00,Normal
Invoice,7176MD,6/25/2010,,529,Raytheon Canada Ltd.,Canada,NORTH AMERICA,MWO-225-MLW,MWO-MAIN,MWO for MIC/PCB; 12M Maint/Locked/Win,000-2301-00,AWR,2,4100.00,0.00,8200.00,Normal
Invoice,5466TD(3)B,6/28/2010,,9180,Ubidyne Inc.,United States,NORTH AMERICA,MWO-229-T0W,MWO-TERM,MWO for MMIC & Modules; Term/WAN WW/Win,000-2300-00,AWR,2,9450.00,4450.00,10000.00,Normal
Invoice,5466TD(3)B,6/28/2010,,9180,Ubidyne Inc.,United States,NORTH AMERICA,APL-100-T0W,APL-TERM,APLAC Time-Domain Simulator; Term/WAN WW/Win,000-2300-00,AWR,1,2520.00,1186.67,1333.33,Normal
Invoice,5466TD(3)B,6/28/2010,,9180,Ubidyne Inc.,United States,NORTH AMERICA,VSS-350-T0W,VSS-TERM,VSS for Wireless Communication Standards; Term/WAN WW/Win,000-2300-00,AWR,1,5040.00,2373.33,2666.67,Normal
Invoice,7179MI,6/29/2010,2343,398,Microwave Amplifiers,United Kingdom,EUROPE,MWO-226-MLW,MWO-MAIN,MWO for MIC/PCB & Signal Integrity; 12M Maint/Locked/RID#1084,000-2301-00,EUR,1,4412.10,0.00,4412.10,Normal
Invoice,7180TD-1,6/29/2010,,10275,Maxentric Technologies LLC,United States,NORTH AMERICA,NOTE,MISC,inv 1 of 12 in a 3 yr term commitment to be billed quarterly,300-4000-00,AWR,0,0.00,0.00,0.00,Normal
Invoice,7180TD-1,6/29/2010,,10275,Maxentric Technologies LLC,United States,NORTH AMERICA,VSS-350-TLW,VSS-TERM,VSS for Wireless Communication Standards; Term/Locked/RID#18134,000-2300-00,AWR,2,2100.00,315.00,3570.00,Normal
Invoice,7180TD-1,6/29/2010,,10275,Maxentric Technologies LLC,United States,NORTH AMERICA,VSS-350-MLW,VSS-MAIN,VSS for Wireless Communication Standards; 12M Maint/Locked/Win,000-2301-00,AWR,2,900.00,0.00,1800.00,Normal
Invoice,7180TD-1,6/29/2010,,10275,Maxentric Technologies LLC,United States,NORTH AMERICA,HWK-200,HWK-PURC,Hardware Key - USB,300-4000-00,AWR,2,8.33,0.00,16.66,Normal
Invoice,7177CD-UP(1),6/30/2010,,3808,Qualcomm,United States,NORTH AMERICA,UPG-PROD,MISC,"Upgrade-MWO for MIC/PCB & SI: HB, EMSight, Layout, iNets, ACE - WAN3 RID#18127",300-4000-00,AWR,1,15600.00,5772.00,9828.00,Normal
Invoice,7177CD-UP(1),6/30/2010,,3808,Qualcomm,United States,NORTH AMERICA,UPG-MAIN,,"Upgrade - Maintenance MWO for MIC/PCB & SI: HB, EMSight, Layout, iNets, ACE - WAN 1 Timezones",000-2301-00,AWR,1,1860.00,0.00,1860.00,Normal
Invoice,7177CD-UP(1),6/30/2010,,3808,Qualcomm,United States,NORTH AMERICA,XEM-100-P3W,XEM-PURC,AXIEM FS: 3D Planar EM - Direct & Fast Solver; Purchase/WAN 3 TZ/RID#18128,300-4025-00,AWR,1,46800.00,17316.00,29484.00,Normal
Invoice,7177CD-UP(1),6/30/2010,,3808,Qualcomm,United States,NORTH AMERICA,XEM-100-M1W,XEM-MAIN,AXIEM FS: 3D Planar EM - Direct & Fast Solver; 12M Maint/WAN 1 TZ/Win,000-2301-00,AWR,1,5580.00,0.00,5580.00,Normal
Invoice,7177CD-UP(1),6/30/2010,,3808,Qualcomm,United States,NORTH AMERICA,ACS-100-P3W,ACS-PURC,ACS Allegro PCB/APD Package Interface; Purchase/WAN 3 TZ/RID#18129,300-4400-00,AWR,1,15600.00,5772.00,9828.00,Normal
Invoice,7177CD-UP(1),6/30/2010,,3808,Qualcomm,United States,NORTH AMERICA,ACS-100-M1W,ACS-MAIN,ACS Allegro PCB/APD Package Interface; 12M Maint/WAN 1 TZ/Win,300-4410-00,AWR,1,1860.00,0.00,1860.00,Normal
Invoice,7177CD-UP(1),6/30/2010,,3808,Qualcomm,United States,NORTH AMERICA,NOTE,MISC,1st year in a 2 year maintenance contract to be billed yearly,300-4000-00,AWR,0,0.00,0.00,0.00,Normal
Invoice,7178MD,6/30/2010,,5884,"Microwave Packaging Technology, Inc.",United States,NORTH AMERICA,MWO-226-MLW,MWO-MAIN,MWO for MIC/PCB & Signal Integrity; 12M Maint/Locked/Win,000-2301-00,AWR,1,4300.00,0.00,4300.00,Normal
Invoice,7178MD,6/30/2010,,5884,"Microwave Packaging Technology, Inc.",United States,NORTH AMERICA,BACK-MAIN,MISC,UPGRADE/Back maintenance on MWO-225-MLW RID#5585,300-4015-00,AWR,1,0.00,0.00,0.00,Normal
Invoice,7178MD,6/30/2010,,5884,"Microwave Packaging Technology, Inc.",United States,NORTH AMERICA,MWO-225-MLW,MWO-MAIN,MWO for MIC/PCB; 12M Maint/Locked/Win,000-2301-00,AWR,1,2050.00,0.00,2050.00,Normal
Invoice,7178MD.,6/30/2010,,5884,Sturdivant Holdings Corporation,United States,NORTH AMERICA,BACK-MAIN,MISC,UPGRADE/Back maintenance onMWO-225-MLW RID#5585,300-4015-00,AWR,1,2050.00,0.00,2050.00,Normal
Invoice,7181CI,6/30/2010,8930,10242,Denso Corporation,Japan,ASIA,MWO-105-PLW,MWO-PURC,MWO Linear: Layout; Purchase/Locked/RID#18142,300-4015-00,JAP,1,18681.71,6109.57,12572.14,Normal
Invoice,7181CI,6/30/2010,8930,10242,Denso Corporation,Japan,ASIA,MWO-105-MLW,MWO-MAIN,MWO Linear: Layout; 12M Maint/Locked/Win,000-2301-00,JAP,1,3367.05,0.00,3367.05,Normal
Invoice,7182MD,6/30/2010,,7068,"Phase Matrix, Inc.",United States,NORTH AMERICA,UPG-PROD,MISC,Upgrade MWO-200-PFW to MWO-205-PFW,300-4015-00,AWR,1,9600.00,8400.00,1200.00,Normal
Invoice,7182MD,6/30/2010,,7068,"Phase Matrix, Inc.",United States,NORTH AMERICA,UPG-MAIN,,upgrade maintenance on associated product above,000-2301-00,AWR,1,550.00,0.00,550.00,Normal
Invoice,7183MD,6/30/2010,,9085,Valleylab,United States,NORTH AMERICA,MWO-226-MFW,MWO-MAIN,MWO for MIC/PCB & Signal Integrity; 12M Maint/Floating/Win,000-2301-00,AWR,1,5700.00,0.00,5700.00,Normal
Invoice,7184MD,6/30/2010,,9525,Emerson Network Power,United States,NORTH AMERICA,MWO-125-MFW,MWO-MAIN,"MWO Linear: EMSight, Layout; 12M Maint/Floating/Win",000-2301-00,AWR,2,3600.00,0.00,7200.00,Normal
Invoice,7185MI,6/30/2010,7696,8756,AT4Wireless,Spain,EUROPE,APL-100-MLW,APL-MAIN,APLAC Time-Domain Simulator; 12M Maint/Locked/RID#8811,000-2301-00,RES20,1,1616.00,0.00,1616.00,Normal
Invoice,7185MI,6/30/2010,7696,8756,AT4Wireless,Spain,EUROPE,MWO-205-MLW,MWO-MAIN,"MWO NonLinear: HB, Layout; 12M Maint/Locked/RID#8808",000-2301-00,RES20,2,3131.00,0.00,6262.00,Normal
Invoice,7185MI,6/30/2010,7696,8756,AT4Wireless,Spain,EUROPE,MWO-226-MLW,MWO-MAIN,MWO for MIC/PCB & Signal Integrity; 12M Maint/Locked/RID#8807,000-2301-00,RES20,1,3737.00,0.00,3737.00,Normal
Invoice,7185MI,6/30/2010,7696,8756,AT4Wireless,Spain,EUROPE,VSS-350-MLW,VSS-MAIN,VSS for Wireless Communication Standards; 12M Maint/Locked/RID#8809 &#13556,000-2301-00,RES20,2,3131.00,0.00,6262.00,Normal
Invoice,7186MD,6/30/2010,,8902,Posner Consulting Inc.,United States,NORTH AMERICA,BACK-MAIN,MISC,"UPGRADE/Back maintenance on MWO-125-MLW, RID#11704",300-4015-00,AWR,1,500.00,0.00,500.00,Normal
Invoice,7186MD,6/30/2010,,8902,Posner Consulting Inc.,United States,NORTH AMERICA,MWO-125-MLW,MWO-MAIN,"MWO Linear: EMSight, Layout; 12M Maint/Locked/RID#11704",000-2301-00,AWR,1,1350.00,0.00,1350.00,Normal
Invoice,7186MD,6/30/2010,,8902,Posner Consulting Inc.,United States,NORTH AMERICA,BACK-MAIN,MISC,"UPGRADE/Back maintenance on VSS-250-MLW, RID#9813",300-4020-00,AWR,1,500.00,0.00,500.00,Normal
Invoice,7186MD,6/30/2010,,8902,Posner Consulting Inc.,United States,NORTH AMERICA,VSS-250-MLW,VSS-MAIN,VSS for Communication Signals; 12M Maint/Locked/RID#9813,000-2301-00,AWR,1,1350.00,0.00,1350.00,Normal
